frame,detected,pose_success,marker_id,status,real_distance_m,real_cctag_diameter_m,center_x_px,center_y_px,ellipse_a_px,ellipse_b_px,ellipse_angle_rad,apparent_diameter_px,estimated_x_m,estimated_y_m,estimated_z_m,estimated_distance_m,z_error_m,distance_error_m,reprojection_error_px,candidate_count,total_time_ms
0,0,0,,,2.0,0.096,,,,,,,,,,,,,,0,50.0
1,0,0,,,2.0,0.096,,,,,,,,,,,,,,0,40.0
2,0,0,,,2.0,0.096,,,,,,,,,,,,,,0,40.0
3,0,0,,,2.0,0.096,,,,,,,,,,,,,,0,30.0
4,0,0,,,2.0,0.096,,,,,,,,,,,,,,0,20.0
5,0,0,,,2.0,0.096,,,,,,,,,,,,,,0,30.0
6,0,0,,,2.0,0.096,,,,,,,,,,,,,,0,30.0
7,0,0,,,2.0,0.096,,,,,,,,,,,,,,0,30.0
8,0,0,,,2.0,0.096,,,,,,,,,,,,,,0,30.0
9,0,0,,,2.0,0.096,,,,,,,,,,,,,,0,20.0
10,0,0,,,2.0,0.096,,,,,,,,,,,,,,0,100.0
11,1,1,0,1,2.0,0.096,304.474,219.977,22.9675,23.0566,3.84246,46.0241,-0.03053572191831695,0.004799403212669025,1.9517692199939807,1.9520139734899906,0.048230780006019325,0.04798602651000938,,1,90.0
12,1,1,0,1,2.0,0.096,304.485,219.955,22.9862,23.049,3.23727,46.0353,-0.030505353916251414,0.004752596193949084,1.951294371013656,1.9515385945806243,0.048705628986343896,0.048461405419375714,,1,80.0
13,1,1,0,1,2.0,0.096,304.461,219.953,22.9995,23.0382,3.32685,46.0377,-0.030553809576516825,0.004748199618627658,1.951192647719694,1.9514376313873436,0.04880735228030608,0.04856236861265639,,1,80.0
14,1,1,0,1,2.0,0.096,304.501,220.014,22.9629,23.0718,3.84578,46.0347,-0.030472385377569793,0.004875056210188492,1.9513198034944281,1.951563810884283,0.04868019650557187,0.04843618911571701,,1,80.0
15,1,1,0,1,2.0,0.096,304.465,220.016,22.9433,23.0637,3.70003,46.0069,-0.030565917702362302,0.0048821535922648806,1.952498902510818,1.9527442420999823,0.047501097489182076,0.04725575790001768,,1,70.0
16,1,1,0,1,2.0,0.096,304.457,220.05,22.9527,23.0832,3.69354,46.036,-0.03056327915415784,0.004949600005337627,1.9512647006239672,1.951510323947585,0.048735299376032826,0.04848967605241494,,1,80.0
17,1,1,0,1,2.0,0.096,304.462,220.05,22.9272,23.0934,3.67505,46.0206,-0.030563076516621053,0.004951256303605841,1.9519176576994857,1.9521631998949758,0.048082342300514336,0.047836800105024224,,1,70.0
18,1,1,0,1,2.0,0.096,304.44,219.949,22.9931,23.0559,3.50203,46.049,-0.030590091405694155,0.004738738856715189,1.9507138430351356,1.9509594323683588,0.04928615696486438,0.04904056763164122,,1,70.0
19,1,1,0,1,2.0,0.096,304.443,219.993,22.9824,23.0667,0.794754,46.0492,-0.03058370436708589,0.004829969451774843,1.950705370732281,1.9509510847229061,0.04929462926771899,0.049048915277093874,,1,90.0
20,1,1,0,1,2.0,0.096,304.472,219.985,22.9561,23.0648,3.7817,46.0209,-0.030542017195248506,0.004816338258040078,1.951904933582893,1.9521498102537644,0.048095066417106924,0.04785018974623556,,1,80.0
21,1,1,0,1,2.0,0.096,304.458,219.976,22.9762,23.0461,3.43151,46.0223,-0.03057029134008529,0.0047975158218471385,1.9518455565655117,1.952090836911851,0.04815444343448827,0.047909163088148965,,1,80.0
22,1,1,0,1,2.0,0.096,304.492,219.948,22.9681,23.0507,3.81087,46.0188,-0.030501688856311077,0.004739773410442534,1.9519940058829208,1.9522380534857735,0.048005994117079176,0.047761946514226494,,1,40.0
23,1,1,0,1,2.0,0.096,304.506,219.963,22.953,23.081,3.61155,46.034,-0.030462421669653142,0.004769327008440235,1.9513494755599115,1.9515930624446365,0.04865052444008855,0.048406937555363516,,1,80.0
24,1,1,0,1,2.0,0.096,304.476,219.994,22.9642,23.0699,3.86738,46.034,-0.030524984123491552,0.00483363883805611,1.9513494755599115,1.9515941982102984,0.04865052444008855,0.04840580178970155,,1,90.0
25,1,1,0,1,2.0,0.096,304.455,219.939,22.9596,23.0342,0.972809,45.9938,-0.030595495895986233,0.004723662225970279,1.953055015196069,1.953300358300398,0.046944984803930945,0.046699641699601946,,1,80.0
26,1,1,0,1,2.0,0.096,304.486,219.946,22.9682,23.0534,3.77423,46.0215,-0.030512415265491366,0.004735345059062898,1.9518794858473747,1.9521237046483437,0.048120514152625304,0.04787629535165627,,1,90.0
27,1,1,0,1,2.0,0.096,304.489,219.955,22.963,23.0708,0.810986,46.0338,-0.030498006228919017,0.004752751056121898,1.9513579534586534,1.9516020546086963,0.04864204654134663,0.04839794539130371,,1,80.0
28,1,1,0,1,2.0,0.096,304.479,220.001,22.9608,23.0725,3.74325,46.0333,-0.030519191957578785,0.004848234587090353,1.951379148527804,1.9516238130760375,0.04862085147219597,0.048376186923962505,,1,70.0
29,1,1,0,1,2.0,0.096,304.476,219.949,22.9734,23.0741,3.61219,46.0475,-0.030516034945237202,0.004738893221410018,1.9507773876524233,1.951021809635596,0.049222612347576744,0.048978190364403984,,1,70.0
30,1,1,0,1,2.0,0.096,304.503,219.949,22.9931,23.0559,3.502,46.049,-0.030458753048726604,0.004738738856715189,1.9507138430351356,1.9509573774668023,0.04928615696486438,0.04904262253319769,,1,70.0
31,1,1,0,1,2.0,0.096,304.504,219.941,22.9961,23.0672,3.79656,46.0633,-0.030447213272622852,0.0047206817069910655,1.9501082588074445,1.9503516448837759,0.04989174119255546,0.04964835511622412,,1,70.0
32,1,1,0,1,2.0,0.096,304.506,219.97,22.977,23.0833,3.87983,46.0604,-0.030444961814070495,0.00478110712137474,1.9502310391990725,1.9504745219921895,0.04976896080092752,0.049525478007810486,,1,80.0
33,1,1,0,1,2.0,0.096,304.494,219.996,22.98,23.0684,3.8392,46.0484,-0.030477912786129536,0.004836275142152273,1.9507392603852676,1.9509833302039026,0.04926073961473243,0.04901666979609742,,1,80.0
34,1,1,0,1,2.0,0.096,304.492,219.979,22.9654,23.0696,3.88131,46.035,-0.03049095512416223,0.004802415887585754,1.9513070871711733,1.9515512060889384,0.04869291282882671,0.048448793911061605,,1,70.0
35,1,1,0,1,2.0,0.096,304.423,219.892,22.9277,23.1092,3.88829,46.0369,-0.03063358130414536,0.004621741017440897,1.9512265543058926,1.9514724807237218,0.048773445694107354,0.048527519276278186,,1,80.0
36,1,1,0,1,2.0,0.096,304.473,219.944,22.9689,23.0627,0.799355,46.0316,-0.030532832209630097,0.004730156689119072,1.9514512152070527,1.951695794317887,0.04854878479294733,0.04830420568211302,,1,90.0
37,1,1,0,1,2.0,0.096,304.505,219.986,22.9936,23.0824,3.8212,46.0761,-0.030436671487838823,0.004812640877414512,1.9495665162182771,1.949810030142153,0.050433483781722854,0.05018996985784696,,1,80.0
38,1,1,0,1,2.0,0.096,304.481,219.926,22.9707,23.0615,0.827682,46.0322,-0.03051575026048745,0.004692751221700766,1.9514257793006842,1.9516700041367834,0.04857422069931583,0.048329995863216624,,1,70.0
39,1,1,0,1,2.0,0.096,304.437,219.931,22.9425,23.1628,3.77639,46.1053,-0.030558983872587507,0.004695667694377834,1.9483317917446574,1.9485770889326828,0.051668208255342574,0.05142291106731722,,1,70.0
40,1,1,0,1,2.0,0.096,304.49,219.961,22.9551,23.0489,3.79476,46.004,-0.030515675140005416,0.004768285312619136,1.9526219841301835,1.952866241165167,0.04737801586981649,0.04713375883483306,,1,80.0
41,1,1,0,1,2.0,0.096,304.492,219.931,22.9618,23.0691,3.91188,46.0309,-0.030493670971908176,0.004703257328220789,1.9514808912692334,1.9517247894075127,0.04851910873076659,0.048275210592487294,,1,0.0
42,1,1,0,1,2.0,0.096,304.485,219.947,22.9729,23.0453,3.83419,46.0182,-0.030516689465055317,0.004737759921684639,1.9520194566046685,1.9522637305620794,0.04798054339533153,0.04773626943792064,,1,70.0
43,1,1,0,1,2.0,0.096,304.463,219.927,22.9643,23.0691,3.76533,46.0334,-0.03055249273659577,0.004694703493115409,1.9513749094771395,1.9516197202298973,0.04862509052286046,0.04838027977010273,,1,0.0
44,1,1,0,1,2.0,0.096,304.491,219.933,22.9652,23.0701,3.8657,46.0353,-0.030492841778826496,0.004706956829528761,1.951294371013656,1.9515382884258057,0.048705628986343896,0.04846171157419432,,1,80.0
45,1,1,0,1,2.0,0.096,304.48,219.968,22.9407,23.0919,3.79828,46.0325,-0.030517636868317127,0.004779855633922975,1.951413061596154,1.9516575289092046,0.04858693840384598,0.04834247109079537,,1,90.0
46,1,1,0,1,2.0,0.096,304.489,219.939,22.9606,23.0854,3.84569,46.046,-0.03048992570778813,0.004718307251201664,1.950840936409785,1.9510848923522497,0.049159063590215046,0.04891510764775031,,1,90.0
47,1,1,0,1,2.0,0.096,304.434,219.951,22.942,23.0744,3.84187,46.0164,-0.0306242800206189,0.004746246720684034,1.9520958127520833,1.9523417824625204,0.047904187247916674,0.047658217537479564,,1,80.0
48,1,1,0,1,2.0,0.096,304.494,219.926,22.9749,23.0871,3.77817,46.0621,-0.030468847906213722,0.004689705045744202,1.950159062611669,1.950402705472019,0.049840937388331064,0.049597294527981006,,1,80.0
49,1,1,0,1,2.0,0.096,304.463,220.061,22.9785,23.0498,3.43117,46.0283,-0.030555877995511627,0.0049732511685674045,1.951591124545659,1.951836651032215,0.04840887545434103,0.04816334896778507,,1,70.0
50,1,1,0,1,2.0,0.096,304.507,219.923,22.9977,23.0777,0.956747,46.0753,-0.030433032864480743,0.004682143356860664,1.9496003663117758,1.9498435014838384,0.0503996336882242,0.05015649851616155,,1,80.0
51,1,1,0,1,2.0,0.096,304.493,220.017,22.9635,23.0644,3.62238,46.0279,-0.03049357279260645,0.004882000984106944,1.951608084616612,1.9518524042191787,0.04839191538338805,0.048147595780821284,,1,80.0
52,1,1,0,1,2.0,0.096,304.473,219.899,22.9666,23.0673,3.8052,46.0339,-0.030531306692259588,0.0046365642709537145,1.9513537145000739,1.951598057364736,0.04864628549992611,0.048401942635263984,,1,70.0
53,1,1,0,1,2.0,0.096,304.497,219.948,22.9754,23.0732,3.66481,46.0486,-0.030471526151518363,0.004736706102258763,1.9507307878616278,1.9509745146982185,0.04926921213837221,0.049025485301781524,,1,80.0
54,1,1,0,1,2.0,0.096,304.477,219.863,22.9568,23.1337,3.91772,46.0905,-0.030485482239090752,0.004556277329733836,1.9489574154744462,1.949201152170624,0.05104258452555377,0.05079884782937594,,1,80.0
55,1,1,0,1,2.0,0.096,304.487,219.968,22.9599,23.0451,3.65987,46.005,-0.030521272016972235,0.004782712845746317,1.9525795404396251,1.952823925532232,0.047420459560374884,0.04717607446776806,,1,80.0
56,1,1,0,1,2.0,0.096,304.473,219.937,22.9701,23.0926,3.76717,46.0627,-0.03051221745882913,0.004712450067061305,1.9501336603786785,1.9503780392379915,0.049866339621321476,0.04962196076200853,,1,110.0
57,1,1,0,1,2.0,0.096,304.473,219.951,22.9548,23.1063,0.792257,46.0611,-0.030513277345543387,0.004741640724986697,1.9502014011372926,1.9504458588356126,0.04979859886270743,0.04955414116438739,,1,80.0
58,1,1,0,1,2.0,0.096,304.507,219.903,22.9645,23.0822,3.91364,46.0467,-0.030451935082010422,0.004643571416893566,1.950811279807781,1.9510544668283905,0.04918872019221898,0.048945533171609545,,1,110.0
59,1,1,0,1,2.0,0.096,304.455,219.925,23.0041,23.0562,3.75763,46.0603,-0.03055132335527149,0.004687814925112773,1.9502352732814368,1.9504801921882342,0.049764726718563246,0.04951980781176579,,1,80.0
60,1,1,0,1,2.0,0.096,304.438,219.942,22.9628,23.0697,3.75451,46.0325,-0.030605227157786588,0.004725914922414521,1.951413061596154,1.9516587691421132,0.04858693840384598,0.048341230857886774,,1,80.0
61,1,1,0,1,2.0,0.096,304.483,220.005,22.9481,23.0246,3.78338,45.9726,-0.03055113522273723,0.004862945345434522,1.953955655279992,1.9542005329293852,0.04604434472000807,0.045799467070614774,,1,80.0
62,1,1,0,1,2.0,0.096,304.508,219.999,22.9407,23.0579,3.87606,45.9986,-0.030481691163226958,0.004847739610185888,1.9528512119482972,1.953095105232572,0.04714878805170275,0.046904894767427985,,1,80.0
63,1,1,0,1,2.0,0.096,304.521,220.04,22.9777,23.0493,3.90724,46.027,-0.03043576855195447,0.004929818930664111,1.9516462458540629,1.9518897786704796,0.04835375414593712,0.048110221329520364,,1,80.0
64,1,1,0,1,2.0,0.096,304.532,219.939,22.9699,23.1045,1.02416,46.0743,-0.030381603608536898,0.0047154091475905624,1.94964268058169,1.949885088631382,0.05035731941831001,0.0501149113686179,,1,70.0
65,1,1,0,1,2.0,0.096,304.53,220.05,22.9709,23.0446,3.29374,46.0154,-0.030424664767465078,0.004951815823522625,1.952138235415208,1.9523815894635363,0.04786176458479208,0.04761841053646365,,1,70.0
66,1,1,0,1,2.0,0.096,304.459,220.034,22.9721,23.0424,3.2198,46.0144,-0.030573453508919154,0.0049187160968577354,1.952180659922219,1.95242624926061,0.0478193400777811,0.047573750739390075,,1,80.0
67,1,1,0,1,2.0,0.096,304.521,220.055,22.9473,23.0827,0.814846,46.0299,-0.03043385102163612,0.004960629738664317,1.9515232872095087,1.9517668835330766,0.04847671279049126,0.04823311646692341,,1,80.0
68,1,1,0,1,2.0,0.096,304.492,219.9,22.9973,23.0658,3.69983,46.0631,-0.030472354642670774,0.004635698356929106,1.950116725924329,1.9503602997463187,0.04988327407567095,0.04963970025368125,,1,70.0
69,1,1,0,1,2.0,0.096,304.435,219.922,22.9718,23.0473,3.54718,46.0192,-0.03062033062593026,0.004685775911314348,1.9519770391037863,1.9522228157492465,0.04802296089621372,0.0477771842507535,,1,40.0
70,1,1,0,1,2.0,0.096,304.582,220.063,22.9691,23.0315,3.61408,46.0006,-0.030325933121324734,0.0049803980545249,1.9527663064813277,1.9530081193669389,0.04723369351867235,0.046991880633061145,,1,80.0
71,1,1,0,1,2.0,0.096,304.522,219.91,22.9945,23.0811,0.908581,46.0756,-0.030401581729609828,0.004655167744079388,1.949587672388964,1.9498302539168393,0.05041232761103598,0.050169746083160716,,1,80.0
72,1,1,0,1,2.0,0.096,304.49,219.94,22.9835,23.0909,3.78637,46.0744,-0.030469048303196765,0.00471747166932693,1.9496384490720435,1.949882227095651,0.05036155092795647,0.050117772904348934,,1,80.0
73,1,1,0,1,2.0,0.096,304.469,219.967,22.9729,23.0728,3.77321,46.0458,-0.030531755754939875,0.00477640096330517,1.9508494098902605,1.9510941602559368,0.049150590109739545,0.04890583974406315,,1,90.0
74,1,1,0,1,2.0,0.096,304.462,219.911,23.0002,23.0616,3.66362,46.0618,-0.030535739357576367,0.0046586357437509865,1.950171763976331,1.9504163768989589,0.04982823602366904,0.04958362310104114,,1,80.0
75,1,1,0,1,2.0,0.096,304.481,219.937,22.9531,23.0792,3.73746,46.0322,-0.03051575026048745,0.004715572440683365,1.9514257793006842,1.9516700591433702,0.04857422069931583,0.04832994085662978,,1,80.0
76,1,1,0,1,2.0,0.096,304.499,220.057,22.9726,23.0543,0.951156,46.0269,-0.03048172088802,0.004965102859252994,1.9516504860836807,1.9518948248779608,0.04834951391631925,0.04810517512203916,,1,80.0
77,1,1,0,1,2.0,0.096,304.527,220.025,23.0181,23.0661,3.6369,46.0841,-0.030385558557958412,0.004892625895604173,1.949228079921816,1.9494710378748188,0.050771920078183985,0.05052896212518121,,1,50.0
78,1,1,0,1,2.0,0.096,304.51,220.06,22.9861,23.0687,0.861896,46.0548,-0.030440325854000253,0.004968315914297016,1.9504681761276774,1.9507120247970868,0.04953182387232258,0.04928797520291317,,1,70.0
79,1,1,0,1,2.0,0.096,304.494,219.922,22.9911,23.0975,0.795447,46.0885,-0.03045139501482598,0.004678730243291867,1.9490419900392713,1.9492854734264249,0.050958009960728745,0.050714526573575114,,1,80.0
80,1,1,0,1,2.0,0.096,304.478,220.036,22.9656,23.0752,0.985381,46.0408,-0.03051630551903549,0.004920044220605644,1.9510612708277215,1.9513061098304252,0.04893872917227848,0.048693890169574816,,1,70.0
81,1,1,0,1,2.0,0.096,304.514,219.921,22.9836,23.0638,0.990871,46.0473,-0.0304369446013297,0.0046808424777468475,1.9507858605808583,1.9510289059173793,0.049214139419141656,0.04897109408262068,,1,70.0
82,1,1,0,1,2.0,0.096,304.518,220.006,22.9913,23.037,1.2398,46.0283,-0.030441165959655528,0.004859135405390334,1.951591124545659,1.9518345711630536,0.04840887545434103,0.04816542883694641,,1,80.0
83,1,1,0,1,2.0,0.096,304.549,220.048,22.9742,23.0395,3.65604,46.0137,-0.030386148454499683,0.004947847790134532,1.9522103581743038,1.9524530933619626,0.04778964182569623,0.0475469066380374,,1,70.0
84,1,1,0,1,2.0,0.096,304.483,219.975,22.9812,23.0319,0.815034,46.0131,-0.030524244598621034,0.004796399534380224,1.9522358145381413,1.952480322697827,0.04776418546185868,0.0475196773021731,,1,80.0
85,1,1,0,1,2.0,0.096,304.558,219.911,22.9565,23.0754,3.83404,46.0319,-0.030355364847873118,0.004661661758508973,1.9514384971709826,1.951680144774328,0.04856150282901739,0.04831985522567206,,1,40.0
86,1,1,0,1,2.0,0.096,304.506,220.058,22.9816,23.0581,3.83224,46.0397,-0.03045865023318598,0.004965796775064923,1.9511078864094455,1.9513519346649832,0.048892113590554453,0.048648065335016755,,1,80.0
87,1,1,0,1,2.0,0.096,304.521,220.071,22.9513,23.0617,3.74751,46.013,-0.030445028994866858,0.00499566006750732,1.952240057329993,1.952483827808523,0.04775994267000705,0.04751617219147697,,1,80.0
88,1,1,0,1,2.0,0.096,304.534,219.931,22.9595,23.088,3.88124,46.0475,-0.030395116328591362,0.004701561816593699,1.9507773876524233,1.9510198317690561,0.049222612347576744,0.048980168230943866,,1,80.0
89,1,1,0,1,2.0,0.096,304.514,220.062,22.997,23.0305,3.57342,46.0275,-0.030450037893450847,0.00497541247633645,1.9516250449823465,1.951868918687771,0.04837495501765354,0.048131081312229096,,1,70.0
90,1,1,0,1,2.0,0.096,304.54,219.944,22.9303,23.1,3.69857,46.0303,-0.03039396048126578,0.004730290279464905,1.951506328612348,1.951748733596082,0.04849367138765204,0.04825126640391808,,1,110.0
91,1,1,0,1,2.0,0.096,304.525,220.049,22.9621,23.0516,0.969771,46.0137,-0.030436220498260565,0.0049499232805298886,1.9522103581743038,1.952453878538939,0.04778964182569623,0.047546121461061075,,1,80.0
92,1,1,0,1,2.0,0.096,304.514,219.903,22.9839,23.0631,3.81852,46.047,-0.03043714290053226,0.004643541163643082,1.9507985701115156,1.9510415278234392,0.049201429888484416,0.0489584721765608,,1,80.0
93,1,1,0,1,2.0,0.096,304.563,219.991,22.9615,23.0485,3.55625,46.0101,-0.030359315001289088,0.004829922719008719,1.9523631063163296,1.9526051098637345,0.04763689368367041,0.04739489013626552,,1,80.0
94,1,1,0,1,2.0,0.096,304.491,220.029,22.9867,23.0554,1.00578,46.0421,-0.030488338263042113,0.00490538583177633,1.951006182557376,1.9512505543771934,0.0489938174426241,0.048749445622806586,,1,80.0
95,1,1,0,1,2.0,0.096,304.52,220.03,22.9627,23.0784,3.75773,46.0411,-0.03042853274880078,0.004907566630632931,1.9510485578738335,1.9512919963442283,0.04895144212616653,0.04870800365577166,,1,80.0
96,1,1,0,1,2.0,0.096,304.558,220.018,22.9614,23.0231,2.86143,45.9845,-0.030386654614942228,0.004888685406795353,1.953450005065293,1.9536924451697324,0.04654999493470702,0.046307554830267605,,1,80.0
97,1,1,0,1,2.0,0.096,304.534,219.876,23.0014,23.0615,0.864475,46.0629,-0.03038495446749577,0.004585959919313704,1.95012519311474,1.9503672847202846,0.049874806885259915,0.049632715279715356,,1,80.0
98,1,1,0,1,2.0,0.096,304.505,220.021,22.9672,23.0449,0.932323,46.0121,-0.030479007025126226,0.004891979654612434,1.9522782432865478,1.9525222765807788,0.047721756713452246,0.047477723419221185,,1,80.0
99,1,1,0,1,2.0,0.096,304.548,219.986,22.976,23.0216,3.37355,45.9976,-0.03039887122677726,0.004820854182214698,1.9528936674505835,1.9531361981120257,0.04710633254941654,0.04686380188797434,,1,80.0
100,1,1,0,1,2.0,0.096,304.454,220.041,22.9624,23.0631,0.840436,46.0254,-0.030576575524401944,0.004932065270787042,1.9517140917390172,1.9519598223660475,0.04828590826098278,0.04804017763395252,,1,70.0
101,1,1,0,1,2.0,0.096,304.535,219.956,22.9944,23.0165,1.84807,46.0109,-0.030417208077668716,0.0047571921557654035,1.9523291602190993,1.9525718904220302,0.0476708397809007,0.047428109577969835,,1,70.0
102,1,1,0,1,2.0,0.096,304.545,220.015,22.9635,23.008,3.72164,45.9716,-0.03042232854938284,0.004883825037883525,1.9539981588181605,1.9542410737895486,0.046001841181839476,0.04575892621045141,,1,70.0
103,1,1,0,1,2.0,0.096,304.52,220.056,22.9774,23.0622,3.76901,46.0397,-0.030429458036016994,0.004961648138457667,1.9511078864094455,1.9513514686692783,0.048892113590554453,0.04864853133072167,,1,70.0
104,1,1,0,1,2.0,0.096,304.504,220.026,22.981,23.0301,0.802153,46.0111,-0.030481755905440385,0.004902464014727253,1.952320673879237,1.9525647710774596,0.04767932612076309,0.04743522892254037,,1,80.0
105,1,1,0,1,2.0,0.096,304.516,220.017,22.9443,23.0514,0.824249,45.9957,-0.030466915801712076,0.004885418704278357,1.952974337990833,1.9532180792541107,0.04702566200916691,0.04678192074588927,,1,80.0
106,1,1,0,1,2.0,0.096,304.535,219.891,22.9565,23.0472,1.00181,46.0037,-0.030421968649061,0.004623000498947259,1.9526347175971706,1.9528771616965261,0.047365282402829445,0.04712283830347386,,1,80.0
107,1,1,0,1,2.0,0.096,304.567,219.978,22.9924,23.0458,3.26859,46.0382,-0.03033244390833719,0.004800007697794554,1.9511714567017162,1.9514131163530823,0.04882854329828379,0.048586883646917656,,1,80.0
108,1,1,0,1,2.0,0.096,304.541,219.996,22.9681,23.0143,3.61649,45.9824,-0.030423534203104022,0.004843216801556351,1.953539218438467,1.9537821081583204,0.04646078156153299,0.04621789184167957,,1,80.0
109,1,1,0,1,2.0,0.096,304.556,219.964,22.9655,23.0301,3.82698,45.9956,-0.03038349579396315,0.004775385047677226,1.952978583993359,1.9532207531806847,0.04702141600664089,0.046779246819315334,,1,70.0
110,1,1,0,1,2.0,0.096,304.533,220.061,22.96,23.0652,1.05727,46.0251,-0.0304119951752589,0.004973596945192321,1.9517268133675962,1.9519700766495232,0.048273186632403764,0.048029923350476844,,1,0.0
111,1,1,0,1,2.0,0.096,304.579,220.012,22.9587,23.0384,3.45383,45.9971,-0.030334501939052877,0.004874888811128407,1.9529148958939793,1.953156557256331,0.047085104106020736,0.04684344274366903,,1,50.0
112,1,1,0,1,2.0,0.096,304.579,220.054,22.9533,23.0314,3.82973,45.9847,-0.03034268178635088,0.004963428919082646,1.953441508978529,1.953683455159749,0.046558491021470916,0.04631654484025094,,1,80.0
113,1,1,0,1,2.0,0.096,304.543,219.987,22.9839,23.0141,2.57539,45.998,-0.030409042113587748,0.004822888458720893,1.9528766850281525,1.9531193811495233,0.04712331497184752,0.046880618850476674,,1,80.0
114,1,1,0,1,2.0,0.096,304.578,219.952,23.005,23.019,3.26776,46.024,-0.030318857968468893,0.0047475379930055975,1.951773460757973,1.9520147064980484,0.04822653924202691,0.047985293501951576,,1,110.0
115,1,1,0,1,2.0,0.096,304.573,220.013,22.9717,23.0514,3.18385,46.0231,-0.03032988041094172,0.004874209888659375,1.9518116284632057,1.9520533529009836,0.04818837153679434,0.047946647099016415,,1,110.0
116,1,1,0,1,2.0,0.096,304.579,219.984,22.9853,23.0295,2.91693,46.0148,-0.030322833504455287,0.004814901300169332,1.9521636898981405,1.952405114125394,0.047836310101859514,0.04759488587460603,,1,70.0
117,1,1,0,1,2.0,0.096,304.549,219.956,22.972,23.0113,3.84089,45.9834,-0.030406170903865565,0.004760037156010786,1.9534967348635583,1.953739155134417,0.04650326513644165,0.04626084486558302,,1,80.0
118,1,1,0,1,2.0,0.096,304.585,219.997,22.9668,23.0309,3.62956,45.9977,-0.030321583886603283,0.004843682037325553,1.9528894218172854,1.9531308081004002,0.04711057818271458,0.046869191899599816,,1,70.0
119,1,1,0,1,2.0,0.096,304.594,219.999,22.9907,22.9939,2.16159,45.9846,-0.030311432939305993,0.004849215503301031,1.9534457570126729,1.9536869307667097,0.04655424298732713,0.04631306923329026,,1,70.0
120,1,1,0,1,2.0,0.096,304.555,220.001,22.9822,23.0573,3.24874,46.0395,-0.030356609414542064,0.004847581690025008,1.9511163622090806,1.9513585220720935,0.04888363779091942,0.04864147792790652,,1,80.0
121,1,1,0,1,2.0,0.096,304.515,220.012,22.9949,23.0424,3.68978,46.0373,-0.03044147070181812,0.004870632033901954,1.9512096008654929,1.9514531284928611,0.04879039913450711,0.04854687150713888,,1,70.0
122,1,1,0,1,2.0,0.096,304.576,220.062,22.9282,23.0413,3.67539,45.9694,-0.03035904578134167,0.004981700821733065,1.9540916731113513,1.9543338394263532,0.045908326888648654,0.04566616057364681,,1,90.0
123,1,1,0,1,2.0,0.096,304.591,219.993,22.9637,23.0054,3.70238,45.9691,-0.030327918517891565,0.004838385552004936,1.9541044257539295,1.954345747140836,0.04589557424607049,0.04565425285916391,,1,70.0
124,1,1,0,1,2.0,0.096,304.546,219.952,22.9518,23.0335,3.60685,45.9853,-0.030411177466294896,0.004751533394151819,1.9534160211616527,1.9536585086743037,0.046583978838347306,0.046341491325696316,,1,80.0
125,1,1,0,1,2.0,0.096,304.579,220.023,22.9642,23.033,3.40294,45.9971,-0.030334501939052877,0.004897727444791139,1.9529148958939793,1.9531566143928667,0.047085104106020736,0.0468433856071333,,1,100.0
126,1,1,0,1,2.0,0.096,304.588,220.017,22.9729,23.0417,2.23141,46.0146,-0.030304188651880223,0.004883412071307281,1.9521721748733,1.9524134787264857,0.04782782512669992,0.04758652127351426,,1,80.0
127,1,1,0,1,2.0,0.096,304.485,219.978,22.9461,23.0507,3.63985,45.9968,-0.03053088734739827,0.0048043280052656985,1.9529276331815464,1.9531721780462363,0.047072366818453615,0.04682782195376367,,1,120.0
128,1,1,0,1,2.0,0.096,304.562,220.039,22.9739,22.9964,2.97568,45.9703,-0.030387687684022262,0.004933821944369999,1.9540534161822949,1.9542959109243045,0.04594658381770511,0.04570408907569545,,1,110.0
129,1,1,0,1,2.0,0.096,304.563,220.022,22.983,23.0281,3.47878,46.011,-0.030358721156697552,0.004894172220955807,1.952324917039946,1.9525670760737082,0.04767508296005407,0.04743292392629184,,1,120.0
130,1,1,0,1,2.0,0.096,304.595,219.98,22.943,23.0384,3.58254,45.9814,-0.030311454612969753,0.004810090958026774,1.9535817038612342,1.9538227644587267,0.0464182961387658,0.04617723554127329,,1,80.0
131,1,1,0,1,2.0,0.096,304.531,220.0,22.949,23.0343,3.14855,45.9832,-0.030443882094782646,0.0048514400090794345,1.9535052314307173,1.9537484627388304,0.046494768569282696,0.046251537261169595,,1,80.0
132,1,1,0,1,2.0,0.096,304.537,220.018,22.9696,23.002,3.153,45.9716,-0.030439034515675152,0.004890057211164738,1.9539981588181605,1.9542413495130369,0.046001841181839476,0.04575865048696315,,1,100.0
133,1,1,0,1,2.0,0.096,304.565,220.03,22.9943,23.0035,1.45706,45.9978,-0.0303632590937134,0.004912186365383428,1.952885176202448,1.9531273815368382,0.04711482379755205,0.04687261846316182,,1,70.0
134,1,1,0,1,2.0,0.096,304.601,220.057,22.9823,23.0291,3.49523,46.0114,-0.03027917253421565,0.004966775468526313,1.9523079445077731,1.9525490537592334,0.04769205549222688,0.04745094624076662,,1,90.0
135,1,1,0,1,2.0,0.096,304.602,220.003,23.0006,23.0255,3.7719,46.0261,-0.030267416077851744,0.00485314287334172,1.9516844085839329,1.9519251266842677,0.048315591416067116,0.04807487331573235,,1,110.0
136,1,1,0,1,2.0,0.096,304.592,219.976,22.9641,23.0477,3.52642,46.0118,-0.03029768709637118,0.0047986106261392845,1.9522909722706991,1.9525319502935163,0.04770902772930086,0.04746804970648366,,1,80.0
137,1,1,0,1,2.0,0.096,304.601,220.011,22.9846,23.0269,3.27188,46.0115,-0.03027910672637949,0.0048712875507633865,1.9523037014208395,1.9525445696137285,0.04769629857916047,0.047455430386271535,,1,120.0
138,1,1,0,1,2.0,0.096,304.537,219.946,22.9782,23.0183,1.42207,45.9965,-0.030422556480184625,0.004737918811989242,1.9529403706352648,1.9531830613320567,0.04705962936473518,0.04681693866794334,,1,120.0
139,1,1,0,1,2.0,0.096,304.593,220.008,22.9782,23.0175,3.85581,45.9957,-0.030306205126583753,0.004866731980701189,1.952974337990833,1.9532155323978149,0.04702566200916691,0.04678446760218513,,1,90.0
140,1,1,0,1,2.0,0.096,304.616,219.972,22.9701,23.0117,3.47804,45.9817,-0.030267413321839156,0.004793444097068591,1.953568958040372,1.9538092965370113,0.046431041959628105,0.0461907034629887,,1,110.0
141,1,1,0,1,2.0,0.096,304.576,220.008,22.943,23.026,3.32222,45.969,-0.030359309951071545,0.004869558706187597,1.954108676671778,1.954350562347151,0.0458913233282221,0.0456494376528489,,1,70.0
142,1,1,0,1,2.0,0.096,304.606,219.993,22.9871,23.0224,2.80829,46.0095,-0.03026999030941024,0.004834137064707726,1.9523885666639489,1.952629190715585,0.04761143333605111,0.04737080928441495,,1,70.0
143,1,1,0,1,2.0,0.096,304.575,219.985,22.9818,23.028,1.09646,46.0098,-0.03033447481060146,0.004817500213855236,1.9523758364071342,1.9526174216309764,0.04762416359286581,0.0473825783690236,,1,90.0
144,1,1,0,1,2.0,0.096,304.57,219.922,22.9654,23.0156,1.38296,45.9811,-0.030363847736152694,0.004689658551403888,1.9535944498484152,1.9538360296158952,0.04640555015158476,0.0461639703841048,,1,90.0
145,1,1,0,1,2.0,0.096,304.57,220.051,22.9523,23.0003,3.53357,45.9527,-0.030382613407717293,0.004960650556727356,1.9548018235691256,1.9550442145078477,0.045198176430874426,0.04495578549215229,,1,80.0
146,1,1,0,1,2.0,0.096,304.567,219.969,22.991,23.0051,3.23214,45.9961,-0.03036020704235379,0.004785714559733634,1.9529573541653522,1.9531991891315221,0.04704264583464779,0.04680081086847787,,1,70.0
147,1,1,0,1,2.0,0.096,304.593,219.951,22.9497,23.0184,3.52762,45.9681,-0.030324401468427194,0.004751233738128937,1.9541469357646923,1.9543879835142737,0.04585306423530766,0.045612016485726325,,1,120.0
148,1,1,0,1,2.0,0.096,304.598,219.972,22.9701,23.0117,3.47801,45.9817,-0.03030499348960149,0.004793444097068591,1.953568958040372,1.9538098790710576,0.046431041959628105,0.04619012092894237,,1,80.0
149,1,1,0,1,2.0,0.096,304.586,219.959,22.9549,23.0258,3.26631,45.9807,-0.030330706560378784,0.004766547606646289,1.9536114447567123,1.9538526937363898,0.046388555243287666,0.04614730626361019,,1,70.0
150,1,1,0,1,2.0,0.096,304.57,219.941,22.9987,23.0125,1.63161,46.0112,-0.030343984054769502,0.004726027090657092,1.9523164307369718,1.9525579475206176,0.04768356926302819,0.04744205247938238,,1,80.0
151,1,1,0,1,2.0,0.096,304.541,219.966,22.9741,23.0646,3.79197,46.0388,-0.03038626374147046,0.004775052835515963,1.9511460280877206,1.9513884669835058,0.04885397191227936,0.048611533016494235,,1,80.0
152,1,1,0,1,2.0,0.096,304.573,219.989,22.9615,23.0364,3.59846,45.9979,-0.030346496669213418,0.004827051350367154,1.9528809306060702,1.9531226636874768,0.04711906939392985,0.04687733631252322,,1,90.0
153,1,1,0,1,2.0,0.096,304.592,219.957,22.991,23.0339,2.79484,46.0249,-0.03028906350998723,0.004757820083305151,1.9517352945454516,1.951976107485611,0.04826470545454842,0.04802389251438899,,1,80.0
154,1,1,0,1,2.0,0.096,304.553,219.991,22.9843,23.0266,3.36347,46.0109,-0.030379651759491994,0.004829838740252051,1.9523291602190993,1.9525714840755761,0.0476708397809007,0.047428515924423875,,1,80.0
155,1,1,0,1,2.0,0.096,304.585,219.966,22.9516,23.0157,3.35091,45.9674,-0.030341570746677256,0.0047824698043342105,1.954176693872722,1.954418080608171,0.04582330612727792,0.045581919391828984,,1,70.0
156,1,1,0,1,2.0,0.096,304.653,219.955,22.9713,23.0378,2.97558,46.0092,-0.030172120339862638,0.004755292236494098,1.9524012970867775,1.9526402112309857,0.047598702913222546,0.047359788769014255,,1,70.0
157,1,1,0,1,2.0,0.096,304.594,219.978,22.991,23.0051,3.23205,45.9961,-0.030303854438546104,0.0048044011208038355,1.9529573541653522,1.9531983598837306,0.04704264583464779,0.046801640116269416,,1,70.0
158,1,1,0,1,2.0,0.096,304.596,219.957,22.957,23.0244,3.31977,45.9814,-0.03030936681225038,0.004762321146205015,1.9535817038612342,1.9538226150499494,0.0464182961387658,0.04617738495005064,,1,70.0
159,1,1,0,1,2.0,0.096,304.594,219.969,22.991,23.0051,3.23209,45.9961,-0.030303854438546104,0.004785714559733634,1.9529573541653522,1.9531983140086449,0.04704264583464779,0.046801685991355146,,1,110.0
160,1,1,0,1,2.0,0.096,304.594,219.951,22.9748,23.0217,3.15553,45.9965,-0.030303590906717047,0.004748300144525883,1.9529403706352648,1.9531812371700454,0.04705962936473518,0.04681876282995456,,1,90.0
161,1,1,0,1,2.0,0.096,304.598,219.983,22.9509,23.0296,3.65825,45.9806,-0.030305718479985224,0.004816405600506016,1.9536156935299878,1.953856676509859,0.04638430647001224,0.04614332349014094,,1,70.0
162,1,1,0,1,2.0,0.096,304.629,219.958,22.9767,22.9903,3.45188,45.9671,-0.03024987695853791,0.0047658802609804865,1.9541894476250394,1.9544293709110405,0.04581055237496057,0.04557062908895948,,1,70.0
163,1,1,0,1,2.0,0.096,304.573,219.959,22.9697,23.0114,3.12356,45.9811,-0.0303575842931294,0.00476650614136941,1.9535944498484152,1.9538361182513344,0.04640555015158476,0.04616388174866559,,1,80.0
164,1,1,0,1,2.0,0.096,304.58,219.954,22.9701,23.0117,3.47807,45.9817,-0.030342573657363942,0.004756059270859917,1.953568958040372,1.95381037096615,0.046431041959628105,0.04618962903384993,,1,60.0
165,1,1,0,1,2.0,0.096,304.597,220.009,22.9811,23.0009,2.22178,45.982,-0.030306883544448087,0.004870258909076156,1.9535562123858239,1.9537973542727671,0.04644378761417611,0.04620264572723287,,1,80.0
166,1,1,0,1,2.0,0.096,304.587,219.973,22.9713,23.0118,3.38079,45.9831,-0.030327035783598997,0.004795375027577168,1.953509479742013,1.9537507548720192,0.046490520257987056,0.04624924512798079,,1,70.0
167,1,1,0,1,2.0,0.096,304.636,219.958,22.9498,23.0189,3.46962,45.9687,-0.03023420542979914,0.004765714378359974,1.9541214295362923,1.9543611182646032,0.04587857046370769,0.045638881735396764,,1,100.0
168,1,1,0,1,2.0,0.096,304.609,219.987,22.9355,23.0206,3.66102,45.9561,-0.030298896536930065,0.004827285677510573,1.954657200195947,1.954897975879106,0.04534279980405298,0.045102024120893924,,1,90.0
169,1,1,0,1,2.0,0.096,304.611,219.996,22.9497,23.0184,3.52765,45.9681,-0.030286810182296217,0.004844723455089175,1.9541469357646923,1.954387630122262,0.04585306423530766,0.04561236987773798,,1,70.0
170,1,1,0,1,2.0,0.096,304.588,219.983,22.9763,22.9931,1.25714,45.9694,-0.03033398563263405,0.0048175790711783685,1.9540916731113513,1.9543330388333477,0.045908326888648654,0.04566696116665225,,1,80.0
171,1,1,0,1,2.0,0.096,304.618,220.059,22.9451,23.0099,3.9134,45.955,-0.030280820784263092,0.004977027413281719,1.9547039877690122,1.9549448531120563,0.04529601223098778,0.04505514688794365,,1,60.0
172,1,1,0,1,2.0,0.096,304.635,219.998,22.9461,23.0096,0.787492,45.9557,-0.030244847084057273,0.004850186902619081,1.9546742135997266,1.9549142069154437,0.045325786400273405,0.04508579308455629,,1,80.0
173,1,1,0,1,2.0,0.096,304.562,219.96,22.9631,23.006,3.43604,45.969,-0.030388547045635296,0.004769838293835539,1.954108676671778,1.9543507708169539,0.0458913233282221,0.04564922918304615,,1,80.0
174,1,1,0,1,2.0,0.096,304.63,219.89,22.9725,23.0247,3.17951,45.9972,-0.030227994728827194,0.004621577553873174,1.9529106501683788,1.95315004497491,0.04708934983162116,0.04684995502509004,,1,80.0
175,1,1,0,1,2.0,0.096,304.635,219.994,22.9271,23.0434,3.22753,45.9705,-0.030235109888750628,0.004840315643098835,1.954044914845933,1.954284810297813,0.0459550851540671,0.04571518970218702,,1,70.0
176,1,1,0,1,2.0,0.096,304.652,219.99,22.9701,23.0117,3.47804,45.9817,-0.030192252986314366,0.004830828923277266,1.953568958040372,1.953808225713931,0.046431041959628105,0.04619177428606891,,1,70.0
177,1,1,0,1,2.0,0.096,304.591,219.989,22.9559,23.0285,3.85305,45.9844,-0.03031782776639054,0.00482846846558949,1.9534542531363888,1.9536954736818228,0.04654574686361124,0.046304526318177164,,1,80.0
178,1,1,0,1,2.0,0.096,304.534,220.02,22.9705,23.0285,3.54813,45.999,-0.030427164050105666,0.004891296681962447,1.9528342302642439,1.9530773840242748,0.04716576973575615,0.046922615975725224,,1,70.0
179,1,1,0,1,2.0,0.096,304.629,219.996,22.9497,23.0184,3.5277,45.9681,-0.030249218896165123,0.004844723455089175,1.9541469357646923,1.9543870479379772,0.04585306423530766,0.04561295206202276,,1,90.0
180,1,1,0,1,2.0,0.096,304.605,220.007,22.9857,23.0237,3.56282,46.0094,-0.03027214263043657,0.004863207152719505,1.952392810119779,1.952633539200496,0.04760718988022106,0.04736646079950391,,1,80.0
181,1,1,0,1,2.0,0.096,304.591,219.982,22.9798,23.0599,2.97925,46.0398,-0.030281346120982478,0.004808138140526719,1.951103648537243,1.9513445429884029,0.04889635146275695,0.048655457011597125,,1,80.0
182,1,1,0,1,2.0,0.096,304.634,220.014,22.9226,23.0337,3.72814,45.9563,-0.03024654115193801,0.004883372902500074,1.9546486936051197,1.954888798882116,0.045351306394880275,0.045111201117884026,,1,70.0
183,1,1,0,1,2.0,0.096,304.616,219.946,22.9734,23.0084,3.42278,45.9818,-0.03026734749707083,0.004739433485328177,1.9535647094703765,1.9538049157073865,0.046435290529623474,0.04619508429261354,,1,100.0
184,1,1,0,1,2.0,0.096,304.573,220.006,22.9485,23.0066,3.88391,45.9551,-0.03037475969241307,0.004866875323520739,1.954699734260723,1.9549417801102742,0.045300265739276924,0.045058219889725803,,1,70.0
185,1,1,0,1,2.0,0.096,304.61,220.028,22.9396,23.0295,3.86535,45.9691,-0.030288239690157273,0.004911098194500743,1.9541044257539295,1.9543453131675834,0.04589557424607049,0.04565468683241658,,1,70.0
186,1,1,0,1,2.0,0.096,304.674,220.036,22.9362,23.0325,3.65629,45.9688,-0.030154781485285935,0.0049277503861762835,1.9541171785629592,1.954356042568793,0.04588282143704081,0.04564395743120708,,1,70.0
187,1,1,0,1,2.0,0.096,304.591,219.937,22.9868,23.0234,2.84144,46.0102,-0.03030082718920607,0.004717827214487763,1.952358862989619,1.9525996845016884,0.047641137010381085,0.047400315498311585,,1,70.0
188,1,1,0,1,2.0,0.096,304.594,220.036,22.9255,23.0303,3.38355,45.9558,-0.030330428784632418,0.004929144350703509,1.9546699602210156,1.9549114774753142,0.04533003977898442,0.04508852252468576,,1,120.0
189,1,1,0,1,2.0,0.096,304.616,219.975,22.9843,23.0145,3.26286,45.9989,-0.030256095670566283,0.004797880197469738,1.9528384756575692,1.9530787395771307,0.047161524342430816,0.04692126042286926,,1,120.0
190,1,1,0,1,2.0,0.096,304.557,219.963,22.9729,23.0094,3.33614,45.9824,-0.030390130118062745,0.004774678996888761,1.953539218438467,1.9537814195926044,0.04646078156153299,0.04621858040739557,,1,70.0
191,1,1,0,1,2.0,0.096,304.594,219.95,22.9264,23.0246,3.13478,45.951,-0.030333597073857164,0.004750923518645512,1.9548741432814292,1.955115243267266,0.045125856718570834,0.044884756732733955,,1,70.0
192,1,1,0,1,2.0,0.096,304.615,219.963,22.9428,23.0401,3.49804,45.9829,-0.030268711176128716,0.004774627078904065,1.9535179764200379,1.9537582952187935,0.04648202357996212,0.04624170478120648,,1,70.0
193,1,1,0,1,2.0,0.096,304.588,220.009,22.9461,23.024,3.49092,45.9701,-0.03033352372826702,0.004871519643358179,1.95406191759263,1.9543034135341408,0.04593808240737007,0.04569658646585917,,1,130.0
194,1,1,0,1,2.0,0.096,304.669,220.003,22.9484,22.9921,3.45641,45.9405,-0.03018380555589973,0.004862185635827066,1.9553209424783133,1.9555599431010222,0.04467905752168666,0.04444005689897779,,1,80.0
195,1,1,0,1,2.0,0.096,304.647,220.001,22.9444,23.04,3.30878,45.9843,-0.030200984230287532,0.004853400774131743,1.953458501225961,1.9536979733212425,0.0465414987740389,0.04630202667875749,,1,70.0
196,1,1,0,1,2.0,0.096,304.642,219.921,22.9717,23.0108,3.4801,45.9824,-0.03021267091628124,0.004687449063675502,1.953539218438467,1.9537784561305298,0.04646078156153299,0.046221543869470194,,1,70.0
197,1,1,0,1,2.0,0.096,304.592,219.97,22.8897,23.0466,3.19134,45.9364,-0.03034741771538064,0.004794013167191358,1.9554954623767853,1.9557368053243862,0.04450453762321471,0.04426319467561379,,1,80.0
198,1,1,0,1,2.0,0.096,304.597,220.005,22.9337,23.0062,3.71645,45.94,-0.030334591187218367,0.004866396194765413,1.9553422237249665,1.9555835653625535,0.044657776275033534,0.04441643463744649,,1,70.0
199,1,1,0,1,2.0,0.096,304.633,220.029,22.9443,23.0266,3.43855,45.9709,-0.030239023363493246,0.00491298332217183,1.954027912395123,1.9542680518184665,0.04597208760487703,0.04573194818153348,,1,80.0
200,1,1,0,1,2.0,0.096,304.604,219.976,22.9225,23.0285,2.91773,45.951,-0.030312705254310273,0.004804959900933507,1.9548741432814292,1.9551150512974387,0.045125856718570834,0.04488494870256132,,1,80.0
201,1,1,0,1,2.0,0.096,304.687,220.012,22.9484,22.992,3.4564,45.9405,-0.030146191685785063,0.004880894812515197,1.9553209424783133,1.9555594095045046,0.04467905752168666,0.044440590495495425,,1,80.0
202,1,1,0,1,2.0,0.096,304.689,220.017,22.8659,23.0597,3.25365,45.9255,-0.03015185722835479,0.004892886372415674,1.9559595814509358,1.956198087899355,0.04404041854906415,0.04380191210064499,,1,70.0
203,1,1,0,1,2.0,0.096,304.595,219.934,22.9205,23.058,2.96059,45.9785,-0.030313366446073867,0.004714848695081619,1.953704922038017,1.953945764953338,0.04629507796198307,0.04605423504666195,,1,70.0
204,1,1,0,1,2.0,0.096,304.66,219.981,22.966,23.0292,2.94071,45.9952,-0.03016669389720683,0.004810724105337453,1.9529955681880928,1.9532344615661064,0.047004431811907166,0.04676553843389364,,1,80.0
205,1,1,0,1,2.0,0.096,304.648,219.954,22.9413,23.0133,3.49917,45.9547,-0.030218348050162606,0.0047588536226958154,1.95471674840495,1.9549561022543456,0.04528325159505009,0.045043897745654427,,1,80.0
206,1,1,0,1,2.0,0.096,304.639,219.973,22.9475,23.0078,3.12733,45.9553,-0.030236754392655666,0.004798275920961971,1.9546912272996793,1.9549309652390137,0.04530877270032074,0.04506903476098634,,1,130.0
207,1,1,0,1,2.0,0.096,304.638,220.009,22.9283,22.998,3.48917,45.9263,-0.030257937590026027,0.004876165620943552,1.9559255101744526,1.9561656169991226,0.0440744898255474,0.043834383000877386,,1,120.0
208,1,1,0,1,2.0,0.096,304.612,219.987,22.921,23.0306,2.93863,45.9517,-0.030295530288124435,0.004827747903216718,1.9548443639283193,1.9550850655374488,0.045155636071680716,0.04491493446255124,,1,70.0
209,1,1,0,1,2.0,0.096,304.594,219.956,22.9527,23.0147,3.31017,45.9674,-0.030322774817388206,0.004761693995303333,1.954176693872722,1.9544177381710526,0.04582330612727792,0.045582261828947424,,1,70.0
210,1,1,0,1,2.0,0.096,304.594,219.98,22.9413,23.0133,3.49912,45.9547,-0.030331154792454535,0.004812885654294605,1.95471674840495,1.9549579814702374,0.04528325159505009,0.04504201852976264,,1,80.0
211,1,1,0,1,2.0,0.096,304.581,219.948,22.9233,23.0171,3.40701,45.9404,-0.030367761689946284,0.004747862113095944,1.9553251986905853,1.9555667658709788,0.0446748013094147,0.044433234129021226,,1,80.0
212,1,1,0,1,2.0,0.096,304.59,220.023,22.9438,23.0257,3.26381,45.9695,-0.030329742963069263,0.004900668030994518,1.954087422267481,1.9543289292540609,0.04591257773251911,0.045671070745939124,,1,70.0
213,1,1,0,1,2.0,0.096,304.63,220.01,22.9082,23.0151,3.31433,45.9232,-0.030276703695317625,0.0048785743621861,1.9560575429831752,1.956297929952347,0.043942457016824754,0.04370207004765292,,1,80.0
214,1,1,0,1,2.0,0.096,304.595,219.979,22.912,23.0113,3.12779,45.9233,-0.030349803240202845,0.004814096882955061,1.9560532835820805,1.9562946440395312,0.043946716417919474,0.04370535596046876,,1,70.0
215,1,1,0,1,2.0,0.096,304.633,219.92,22.9656,22.9888,2.31498,45.9544,-0.030249880732656977,0.004688226956137988,1.954729509207496,1.954969178509705,0.04527049079250389,0.045030821490295025,,1,150.0
216,1,1,0,1,2.0,0.096,304.58,219.93,22.92,23.0205,3.46997,45.9405,-0.03036978524702194,0.004710433424912517,1.9553209424783133,1.9555624510951524,0.04467905752168666,0.044437548904847635,,1,80.0
217,1,1,0,1,2.0,0.096,304.584,219.992,22.9428,23.0126,3.50102,45.9554,-0.030351582602715015,0.00483774982453129,1.9546869738469246,1.9549285890069494,0.04531302615307542,0.045071410993050565,,1,70.0
218,1,1,0,1,2.0,0.096,304.596,219.942,22.936,23.0016,3.17312,45.9376,-0.03033826580275873,0.00473567793411163,1.9554443801575387,1.9556854452869243,0.04455561984246126,0.04431455471307566,,1,80.0
219,1,1,0,1,2.0,0.096,304.63,220.009,22.9254,23.0303,3.38355,45.9558,-0.030255226089869185,0.004873035507098991,1.9546699602210156,1.9549101714839046,0.04533003977898442,0.04508982851609544,,1,80.0
220,1,1,0,1,2.0,0.096,304.595,219.979,22.9489,22.9764,3.43282,45.9253,-0.030348481537209496,0.004813887233943168,1.955968099455528,1.9562094494019768,0.044031900544472036,0.04379055059802317,,1,70.0
221,1,1,0,1,2.0,0.096,304.642,219.959,22.9362,23.0037,3.69962,45.9399,-0.030240621314822417,0.004770780857967061,1.9553464800298859,1.9555861301647561,0.04465351997011413,0.04441386983524387,,1,70.0
222,1,1,0,1,2.0,0.096,304.631,219.902,22.932,23.0358,3.22218,45.9678,-0.030245239475041503,0.004649464167740638,1.9541596891285848,1.9543992638770302,0.04584031087141516,0.045600736122969776,,1,70.0
223,1,1,0,1,2.0,0.096,304.568,219.961,22.912,23.0113,3.12778,45.9233,-0.03040624517708465,0.00477666451500068,1.9560532835820805,1.9562954287330676,0.043946716417919474,0.04370457126693239,,1,70.0
224,1,1,0,1,2.0,0.096,304.639,220.014,22.9015,23.0247,3.40444,45.9262,-0.03025591316374551,0.004886573461753077,1.9559297690190993,1.9561698699797716,0.04407023098090068,0.0438301300202284,,1,70.0
225,1,1,0,1,2.0,0.096,304.597,219.979,22.936,23.004,3.67267,45.94,-0.030334591187218367,0.004812346873857426,1.9553422237249665,1.9555834316097656,0.044657776275033534,0.044416568390234445,,1,80.0
226,1,1,0,1,2.0,0.096,304.601,219.996,22.9637,22.9914,3.77453,45.9551,-0.030316267816647334,0.004846093953791521,1.954699734260723,1.9549408205467196,0.045300265739276924,0.04505917945328042,,1,80.0
227,1,1,0,1,2.0,0.096,304.612,219.989,22.925,23.0428,3.40665,45.9678,-0.03028491942491935,0.004830212133472852,1.9541596891285848,1.9544003166979265,0.04584031087141516,0.045599683302073535,,1,80.0
228,1,1,0,1,2.0,0.096,304.667,219.997,22.9237,23.0435,3.37532,45.9672,-0.03017045021538864,0.004846895900735515,1.9541851963557701,1.9544240916756301,0.04581480364422985,0.04557590832436986,,1,90.0
229,1,1,0,1,2.0,0.096,304.675,220.041,22.8726,23.0101,3.23079,45.8827,-0.030209275372652628,0.004947404510067671,1.9577841268697125,1.9580234330959703,0.04221587313028752,0.04197656690402973,,1,70.0
230,1,1,0,1,2.0,0.096,304.648,220.034,22.887,23.0372,3.11222,45.9242,-0.03023841719922846,0.004928376977002334,1.9560149498069637,1.9562548746629822,0.043985050193036335,0.0437451253370178,,1,80.0
231,1,1,0,1,2.0,0.096,304.634,220.016,22.8846,23.0526,3.2834,45.9372,-0.03025911721090551,0.004889561229329849,1.9554614072674208,1.9557016227675632,0.04453859273257921,0.04429837723243679,,1,70.0
232,1,1,0,1,2.0,0.096,304.596,220.001,22.9484,23.0189,3.54425,45.9674,-0.03031859794421285,0.004855185135942132,1.954176693872722,1.9544179033869213,0.04582330612727792,0.04558209661307866,,1,70.0
233,1,1,0,1,2.0,0.096,304.646,219.976,22.9304,23.0383,3.2232,45.9687,-0.030213321654534685,0.004803109777039498,1.9541214295362923,1.9543608868481515,0.04587857046370769,0.04563911315184854,,1,80.0
234,1,1,0,1,2.0,0.096,304.575,220.001,22.9698,23.0301,3.15171,45.9999,-0.030341003331329223,0.004851754834638908,1.9527960225549394,1.9530377420097438,0.04720397744506055,0.04696225799025622,,1,110.0
235,1,1,0,1,2.0,0.096,304.617,219.981,22.9613,23.0536,3.27507,46.0148,-0.030243554663734455,0.004808674977829246,1.9521636898981405,1.9524038691086596,0.047836310101859514,0.047596130891340405,,1,80.0
236,1,1,0,1,2.0,0.096,304.646,219.962,22.9468,23.0643,3.2029,46.011,-0.030185545177040456,0.004769635489646668,1.952324917039946,1.95256408300864,0.04767508296005407,0.04743591699136007,,1,40.0
237,1,1,0,1,2.0,0.096,304.653,220.044,22.8659,23.0597,3.25365,45.9255,-0.030227109539162512,0.004949032234625568,1.9559595814509358,1.9561993904867858,0.04404041854906415,0.043800609513214184,,1,80.0
238,1,1,0,1,2.0,0.096,304.571,219.993,22.9666,23.0454,3.26712,46.012,-0.030341370058697893,0.004833874408386294,1.9522824862628219,1.9525242306428314,0.04771751373717814,0.047475769357168573,,1,70.0
239,1,1,0,1,2.0,0.096,304.611,219.975,22.8892,23.0337,3.23085,45.923,-0.030316554213374796,0.004805809973551177,1.9560660618410155,1.9563068848100222,0.0439339381589845,0.04369311518997776,,1,80.0
240,1,1,0,1,2.0,0.096,304.586,219.995,22.9297,23.0206,3.08021,45.9504,-0.030350706830426042,0.004844511283111351,1.9548996691633795,1.955141261185434,0.04510033083662046,0.044858738814566035,,1,80.0
241,1,1,0,1,2.0,0.096,304.619,220.049,22.926,23.0432,3.25204,45.9692,-0.03026937860873818,0.004954715001638447,1.9541001748545757,1.9543408806676459,0.045899825145424344,0.045659119332354114,,1,80.0
242,1,1,0,1,2.0,0.096,304.573,220.008,22.9412,23.0149,3.61149,45.9562,-0.030374032647190408,0.004870915005260175,1.954652946891278,1.9548949972985759,0.04534705310872189,0.045105002701424146,,1,80.0
243,1,1,0,1,2.0,0.096,304.621,220.024,22.9237,23.0308,3.24056,45.9545,-0.030274883180990145,0.004904345821262495,1.954725255588135,1.954965842666735,0.045274744411865075,0.0450341573332651,,1,70.0
244,1,1,0,1,2.0,0.096,304.594,219.992,22.9406,23.0437,3.36121,45.9843,-0.03031163069005749,0.004834709417915794,1.953458501225961,1.9536996405236462,0.0465414987740389,0.0463003594763538,,1,80.0
245,1,1,0,1,2.0,0.096,304.649,220.02,22.9106,23.0303,3.2767,45.9408,-0.0302254013674296,0.0048974932102529905,1.9553081739526728,1.9555479067140498,0.04469182604732724,0.044452093285950234,,1,70.0
246,1,1,0,1,2.0,0.096,304.628,219.997,22.9321,23.009,3.32808,45.9411,-0.030269086267869325,0.004849649513143778,1.9552954055937921,1.955535696380939,0.04470459440620789,0.04446430361906106,,1,70.0
247,1,1,0,1,2.0,0.096,304.587,219.985,22.9017,23.0378,3.40544,45.9395,-0.030355818394645368,0.004824872306826078,1.9553635054348644,1.9556050709408856,0.04463649456513563,0.04439492905911435,,1,70.0
248,1,1,0,1,2.0,0.096,304.603,219.983,22.9306,23.0245,3.31859,45.9552,-0.03031202386543436,0.004819067686673693,1.9546954807709456,1.9549364349642024,0.04530451922905443,0.04506356503579756,,1,70.0
249,1,1,0,1,2.0,0.096,304.625,220.021,22.9002,23.0413,3.33435,45.9415,-0.030275091565160256,0.004899497340443667,1.9552783813746821,1.9555188914747577,0.04472161862531787,0.04448110852524234,,1,70.0
250,1,1,0,1,2.0,0.096,304.586,219.978,22.9026,23.0524,3.31086,45.9551,-0.030347602750093215,0.004808687488278891,1.954699734260723,1.9549412143558125,0.045300265739276924,0.04505878564418753,,1,80.0
251,1,1,0,1,2.0,0.096,304.613,220.015,22.9193,23.0493,3.05176,45.9686,-0.030282303988827374,0.004884143765778516,1.9541256805281204,1.9543664057936234,0.04587431947187959,0.04563359420637658,,1,80.0
252,1,1,0,1,2.0,0.096,304.623,220.037,22.9364,23.0308,3.17876,45.9672,-0.030262341825058103,0.004929999498435083,1.9541851963557701,1.954425720226745,0.04581480364422985,0.04557427977325501,,1,80.0
253,1,1,0,1,2.0,0.096,304.607,220.048,22.9002,23.0413,3.33435,45.9415,-0.03031270461654076,0.004955623648790599,1.9552783813746821,1.9555196155851045,0.04472161862531787,0.044480384414895546,,1,80.0
254,1,1,0,1,2.0,0.096,304.694,220.005,22.8843,23.0556,3.19914,45.9399,-0.030131957604191743,0.00486640678772751,1.9553464800298859,1.9555846884625963,0.04465351997011413,0.044415311537403745,,1,120.0
255,1,1,0,1,2.0,0.096,304.644,219.992,22.9035,23.0508,3.15114,45.9542,-0.030227032983727482,0.004837876152479322,1.9547380165017552,1.9549776959663459,0.04526198349824484,0.04502230403365415,,1,80.0
256,1,1,0,1,2.0,0.096,304.692,220.031,22.8685,23.0423,3.30693,45.9108,-0.03015523840013263,0.004923574997387079,1.9565858525210833,1.9568244117138813,0.0434141474789167,0.04317558828611867,,1,30.0
257,1,1,0,1,2.0,0.096,304.62,219.968,22.9299,23.0705,3.16045,46.0005,-0.030246695560718025,0.004783180714743522,1.9527705515793297,1.9530106421946432,0.04722944842067034,0.046989357805356846,,1,80.0
258,1,1,0,1,2.0,0.096,304.55,220.041,22.9026,23.0524,3.31086,45.955,-0.0304228727916616,0.004939620866371057,1.9547039877690122,1.954946963690647,0.04529601223098778,0.04505303630935309,,1,80.0
259,1,1,0,1,2.0,0.096,304.599,220.006,22.9238,23.0327,3.48531,45.9565,-0.030319522138126512,0.004866727061023532,1.9546401870883328,1.9548813824464346,0.04535981291166724,0.04511861755356539,,1,80.0
260,1,1,0,1,2.0,0.096,304.632,220.029,22.9094,23.028,3.16643,45.9374,-0.030263165071179685,0.004916566131414251,1.955452893675414,1.9556932405584984,0.04454710632458592,0.04430675944150164,,1,90.0
261,1,1,0,1,2.0,0.096,304.655,219.95,22.9511,23.0298,3.04415,45.9809,-0.03018651481682204,0.004747834135592821,1.953602947265603,1.9538419186747467,0.04639705273439709,0.04615808132525334,,1,180.0
262,1,1,0,1,2.0,0.096,304.586,219.98,22.9151,23.0783,2.92116,45.9934,-0.030322331446268568,0.004808835971626632,1.9530720007202111,1.9533132899473622,0.04692799927978886,0.0466867100526378,,1,80.0
263,1,1,0,1,2.0,0.096,304.626,219.888,22.9277,23.0562,3.27299,45.9839,-0.030245088370947488,0.00461876058960219,1.953475493769014,1.9537150772505298,0.04652450623098603,0.04628492274947016,,1,70.0
264,1,1,0,1,2.0,0.096,304.644,220.016,22.8844,23.04,3.27456,45.9244,-0.030246647079565755,0.004890924042643369,1.9560064313943124,1.9562463905279057,0.043993568605687594,0.04375360947209428,,1,80.0
265,1,1,0,1,2.0,0.096,304.615,219.926,22.9003,23.0694,3.24539,45.9697,-0.0302774027052778,0.004699131445007777,1.9540789206352216,1.9543191221041225,0.045921079364778405,0.04568087789587749,,1,80.0
266,1,1,0,1,2.0,0.096,304.622,220.045,22.9283,23.0262,3.34691,45.9545,-0.030272794158152268,0.004947987267486289,1.954725255588135,1.9549659202856302,0.045274744411865075,0.04503407971436979,,1,70.0
267,1,1,0,1,2.0,0.096,304.609,219.996,22.9393,23.0132,3.06712,45.9525,-0.030301270205991226,0.00484636814658364,1.9548103314928449,1.9550511723153117,0.04518966850715511,0.04494882768468833,,1,90.0
268,1,1,0,1,2.0,0.096,304.608,220.019,22.9645,23.0055,1.02755,45.97,-0.030291823344372627,0.004892304874509153,1.9540661683255376,1.9543070688617385,0.04593383167446241,0.04569293113826145,,1,80.0
269,1,1,0,1,2.0,0.096,304.643,220.009,22.8835,23.0422,3.38547,45.9258,-0.030247815370463064,0.004876218708376116,1.9559468045831527,1.9561867523839904,0.04405319541684727,0.043813247616009576,,1,70.0
270,1,1,0,1,2.0,0.096,304.682,219.986,22.9343,23.0343,3.17965,45.9686,-0.030138205626031866,0.004823895492397827,1.9541256805281204,1.9543640287074382,0.04587431947187959,0.045635971292561806,,1,70.0
271,1,1,0,1,2.0,0.096,304.615,220.032,22.9713,23.0132,3.2511,45.9845,-0.030267657996516418,0.004917760723340334,1.953450005065293,1.9536906709560546,0.04654999493470702,0.04630932904394536,,1,70.0
272,1,1,0,1,2.0,0.096,304.631,220.053,22.9156,23.0396,3.21836,45.9552,-0.030253532116948957,0.004964536958231819,1.9546954807709456,1.954935892907775,0.04530451922905443,0.04506410709222508,,1,80.0
273,1,1,0,1,2.0,0.096,304.597,220.047,22.97,23.0595,3.19995,46.0295,-0.030275608449816138,0.004944074623198349,1.9515402461014124,1.9517813372646147,0.04845975389858759,0.04821866273538533,,1,40.0
274,1,1,0,1,2.0,0.096,304.685,220.046,22.9751,23.0097,0.910247,45.9848,-0.03012132528880869,0.004946803767247081,1.9534372609628607,1.9536757401428595,0.046562739037139256,0.046324259857140504,,1,80.0
275,1,1,0,1,2.0,0.096,304.63,220.016,22.9071,23.0302,3.12619,45.9373,-0.030267410560498996,0.0048895505853406955,1.9554571504621507,1.9556974947932306,0.04454284953784926,0.04430250520676937,,1,70.0
276,1,1,0,1,2.0,0.096,304.622,220.027,22.929,23.0563,3.16007,45.9853,-0.030252518068617763,0.004907291308753433,1.9534160211616527,1.9536564304115767,0.046583978838347306,0.04634356958842334,,1,80.0
277,1,1,0,1,2.0,0.096,304.645,220.0,22.9873,23.0279,3.00583,46.0151,-0.030184941880835026,0.004848076744927241,1.952150962573698,1.9523903337298845,0.04784903742630209,0.047609666270115536,,1,70.0
278,1,1,0,1,2.0,0.096,304.614,220.062,22.9607,23.0253,3.33825,45.986,-0.030268758299065203,0.0049799025302173705,1.9533862862159128,1.9536271344180736,0.046613713784087185,0.04637286558192644,,1,30.0
279,1,1,0,1,2.0,0.096,304.659,219.995,22.9746,23.026,3.31713,46.0006,-0.030165239565153733,0.004839224515842834,1.9527663064813277,1.9530052758506988,0.04723369351867235,0.04699472414930117,,1,30.0
280,1,1,0,1,2.0,0.096,304.652,220.038,22.9316,23.0242,3.3242,45.9558,-0.030209268887513897,0.004933300561340898,1.9546699602210156,1.9549096119185596,0.04533003977898442,0.04509038808144039,,1,70.0
281,1,1,0,1,2.0,0.096,304.634,220.027,22.9593,23.0261,2.99219,45.9854,-0.030227400852027134,0.004907280637341836,1.9534117732568372,1.9536517942212588,0.046588226743162764,0.046348205778741214,,1,70.0
282,1,1,0,1,2.0,0.096,304.655,220.027,22.9831,23.0023,3.02968,45.9854,-0.030183560850635477,0.004907280637341836,1.9534117732568372,1.9536511164092984,0.046588226743162764,0.04634888359070155,,1,70.0
283,1,1,0,1,2.0,0.096,304.597,219.989,22.9804,23.0355,3.03731,46.0159,-0.03028455640639022,0.004825163156844773,1.952117023853167,1.9523578850645107,0.0478829761468329,0.04764211493548931,,1,70.0
284,1,1,0,1,2.0,0.096,304.643,219.981,22.9065,23.047,3.08984,45.9536,-0.030229516711222027,0.004815079066053958,1.9547635388288394,1.955003197286811,0.04523646117116065,0.044996802713189066,,1,70.0
285,1,1,0,1,2.0,0.096,304.575,219.992,22.9547,23.0162,3.14111,45.9709,-0.030360143463382512,0.004836118681301981,1.954027912395123,1.954269737977401,0.04597208760487703,0.045730262022599,,1,80.0
286,1,1,0,1,2.0,0.096,304.654,220.035,22.9827,23.0319,3.27832,46.0145,-0.030166558783444573,0.0049207808616774165,1.9521764173885396,1.952415683188669,0.04782358261146036,0.04758431681133102,,1,70.0
287,1,1,0,1,2.0,0.096,304.629,220.007,22.9147,23.024,3.30927,45.9387,-0.03026857789055433,0.004870691664595054,1.955397557134289,1.9556378797956315,0.04460244286571102,0.04436212020436847,,1,80.0
288,1,1,0,1,2.0,0.096,304.644,219.981,22.9711,23.0456,0.956865,46.0167,-0.030185978549978797,0.004808476430726609,1.9520830863126855,1.952322383884041,0.047916913687314544,0.04767761611595911,,1,80.0
289,1,1,0,1,2.0,0.096,304.622,219.952,22.9751,23.0264,3.88074,46.0015,-0.030241864268356653,0.004749860082607951,1.9527281014298437,1.9529680411207533,0.047271898570156345,0.047031958879246716,,1,80.0
290,1,1,0,1,2.0,0.096,304.588,219.992,22.888,23.0372,3.2533,45.9252,-0.03036318010897738,0.004840931085466482,1.9559723584856454,1.9562140027307857,0.044027641514354565,0.04378599726921428,,1,100.0
291,1,1,0,1,2.0,0.096,304.688,220.012,22.9797,23.0528,3.55093,46.0325,-0.030083856387135417,0.004871139914937369,1.951413061596154,1.9516510198770856,0.04858693840384598,0.04834898012291444,,1,70.0
292,1,1,0,1,2.0,0.096,304.626,219.969,22.931,23.0507,3.02784,45.9817,-0.030246535450860066,0.004787213292700449,1.953568958040372,1.9538089579426219,0.046431041959628105,0.04619104205737812,,1,90.0
293,1,1,0,1,2.0,0.096,304.614,219.949,22.9628,23.036,3.00133,45.9988,-0.030260335468334218,0.004743910397942507,1.9528427210693529,1.9530829183171088,0.04715727893064714,0.046917081682891215,,1,80.0
294,1,1,0,1,2.0,0.096,304.593,220.044,22.8778,23.0207,3.37364,45.8985,-0.030370385070117942,0.004951943525197916,1.9571101835119875,1.9573520767711436,0.04288981648801249,0.042647923228856355,,1,80.0
295,1,1,0,1,2.0,0.096,304.59,220.001,22.9567,23.0301,0.899952,45.9868,-0.030318333068202447,0.0048531369266377805,1.9533523045292334,1.9535936066305424,0.04664769547076664,0.04640639336945762,,1,90.0
296,1,1,0,1,2.0,0.096,304.646,219.988,22.9427,23.0398,3.21632,45.9824,-0.03020431989502089,0.004826601576182377,1.953539218438467,1.9537786658166458,0.04646078156153299,0.04622133418335417,,1,80.0
297,1,1,0,1,2.0,0.096,304.655,219.938,22.947,23.0091,3.43478,45.9561,-0.030202804832020397,0.004725459181619566,1.954657200195947,1.9548962401268402,0.04534279980405298,0.04510375987315984,,1,70.0
298,1,1,0,1,2.0,0.096,304.663,220.067,22.9311,23.026,3.47106,45.9571,-0.03018543639918117,0.004993424361341285,1.9546146679822043,1.954854110962924,0.04538533201779571,0.04514588903707595,,1,80.0
299,1,1,0,1,2.0,0.096,304.613,220.018,22.9858,23.017,3.8068,46.0028,-0.030259791124470903,0.004886740678584366,1.9526729189946037,1.9529134808711477,0.04732708100539629,0.04708651912885231,,1,80.0
300,1,1,0,1,2.0,0.096,304.719,219.949,22.9782,22.9945,2.8088,45.9727,-0.03005825455413344,0.004746603649837354,1.9539514050278741,1.9541883537989508,0.04604859497212588,0.04581164620104916,,1,70.0
301,1,1,0,1,2.0,0.096,304.642,219.992,22.931,23.0249,3.16788,45.9559,-0.030230092744148417,0.004837697189833411,1.9546657068608155,1.954905442060846,0.04533429313918447,0.045094557939153956,,1,70.0
302,1,1,0,1,2.0,0.096,304.591,219.991,22.975,23.0398,1.30554,46.0148,-0.03029779808106977,0.004829429385629474,1.9521636898981405,1.9524047613426565,0.047836310101859514,0.0475952386573435,,1,80.0
303,1,1,0,1,2.0,0.096,304.522,219.989,22.9935,23.0617,2.50724,46.0552,-0.030415048010665694,0.004821045730103298,1.950451235863159,1.9506943228265026,0.04954876413684106,0.04930567717349743,,1,70.0
304,1,1,0,1,2.0,0.096,304.625,220.026,22.948,23.0054,3.7682,45.9534,-0.03026725158836582,0.0049086196457284355,1.9547720464193064,1.9550125202995152,0.04522795358069365,0.04498747970048478,,1,70.0
305,1,1,0,1,2.0,0.096,304.639,219.972,22.9812,23.0336,3.07661,46.0148,-0.030197656387527683,0.004789996010809105,1.9521636898981405,1.9524031127484422,0.047836310101859514,0.04759688725155775,,1,80.0
306,1,1,0,1,2.0,0.096,304.646,220.045,22.9355,22.9915,3.49232,45.927,-0.03024075422171726,0.004950950005088481,1.955895698781217,1.956135731393074,0.04410430121878295,0.04386426860692594,,1,110.0
307,1,1,0,1,2.0,0.096,304.689,220.021,22.9692,23.0012,3.44181,45.9704,-0.03012240744350295,0.0048964171959781245,1.9540491655048675,1.9542874598026307,0.045950834495132487,0.045712540197369256,,1,120.0
308,1,1,0,1,2.0,0.096,304.728,219.994,22.9721,23.0011,3.622,45.9732,-0.030039134085528288,0.004840031371996619,1.953930154044638,1.9541670405482725,0.0460698459553619,0.045832959451727495,,1,80.0
309,1,1,0,1,2.0,0.096,304.654,220.044,22.9969,23.0308,1.82245,46.0277,-0.03015790750223909,0.00493804339324573,1.951616564762631,1.9518558090989608,0.0483834352373691,0.04814419090103916,,1,90.0
310,1,1,0,1,2.0,0.096,304.648,219.967,22.8919,23.0311,3.10856,45.923,-0.03023920735014715,0.004789173256889951,1.9560660618410155,1.956305646908956,0.0439339381589845,0.04369435309104408,,1,80.0
311,1,1,0,1,2.0,0.096,304.688,219.984,22.9512,23.0221,3.78626,45.9733,-0.030122595487833397,0.0048192477013186295,1.9539259039034604,1.9541640242958844,0.04607409609653956,0.04583597570411557,,1,70.0
312,1,1,0,1,2.0,0.096,304.626,220.015,22.9589,22.9985,3.31333,45.9573,-0.030262594171999058,0.004885344681074961,1.954606161761569,1.9548465256369782,0.045393838238430906,0.04515347436302175,,1,70.0
313,1,1,0,1,2.0,0.096,304.663,220.004,22.9197,22.9943,3.00722,45.914,-0.030213771815585853,0.004867071921311979,1.9564494872571536,1.9566888246691632,0.04355051274284638,0.04331117533083684,,1,80.0
314,1,1,0,1,2.0,0.096,304.671,220.0,22.8785,23.0763,3.23102,45.9548,-0.03017023508188069,0.0048544381919952105,1.9547124948411256,1.9549513411190247,0.045287505158874364,0.04504865888097531,,1,70.0
315,1,1,0,1,2.0,0.096,304.685,219.998,22.916,23.0376,2.81844,45.9536,-0.03014177603366895,0.004850408547767569,1.9547635388288394,1.9550019298865644,0.04523646117116065,0.044998070113435595,,1,80.0
316,1,1,0,1,2.0,0.096,304.65,219.903,22.9278,22.9845,2.73434,45.9123,-0.030242072802730686,0.004657164636976866,1.956521928936798,1.9567611838342538,0.043478071063201895,0.04323881616574621,,1,70.0
317,1,1,0,1,2.0,0.096,304.673,219.977,22.9924,23.0339,2.81129,46.0262,-0.03011926075019901,0.0047991842342013985,1.9516801682069116,1.9519184616703669,0.04831983179308841,0.04808153832963313,,1,80.0
318,1,1,0,1,2.0,0.096,304.572,219.952,22.9328,22.9936,3.28564,45.9264,-0.030395831572707845,0.004757627172826297,1.955921251348352,1.9561632046098338,0.04407874865164807,0.04383679539016616,,1,40.0
319,1,1,0,1,2.0,0.096,304.616,220.04,22.9569,23.0286,3.22235,45.9855,-0.03026491218190106,0.0049342678870878225,1.9534075253704961,1.953648195577455,0.04659247462950389,0.04635180442254505,,1,90.0
320,1,1,0,1,2.0,0.096,304.633,220.011,22.8688,23.0702,3.18681,45.9389,-0.03026008718408172,0.004878985938756687,1.955389044098247,1.9556292570831608,0.0446109559017529,0.04437074291683918,,1,90.0
321,1,1,0,1,2.0,0.096,304.62,219.993,22.903,23.009,3.51753,45.9119,-0.030305065116904537,0.004844413524133615,1.95653897481753,1.9567796568071132,0.04346102518247008,0.04322034319288681,,1,80.0
322,1,1,0,1,2.0,0.096,304.611,219.994,22.963,23.011,1.22459,45.974,-0.030282923372793556,0.004839947149934202,1.9538961534329178,1.9541368066070424,0.04610384656708222,0.045863193392957635,,1,120.0
323,1,1,0,1,2.0,0.096,304.662,219.998,22.9898,23.025,1.01002,46.0149,-0.030149606304497284,0.004843946944157039,1.9521594474382202,1.9523982613198085,0.04784055256177977,0.04760173868019146,,1,80.0
324,1,1,0,1,2.0,0.096,304.657,220.024,22.9127,23.0254,3.27791,45.9381,-0.03021045970862556,0.004906096683215183,1.9554230966871717,1.9556626060540503,0.044576903312828264,0.04433739394594971,,1,120.0
325,1,1,0,1,2.0,0.096,304.603,220.04,22.9653,23.0451,2.8548,46.0104,-0.03027565765872084,0.004931597550155553,1.9523503763915324,1.9525913367361905,0.047649623608467584,0.04740866326380955,,1,70.0
326,1,1,0,1,2.0,0.096,304.668,219.971,22.9235,23.0999,3.02072,46.0233,-0.03013158811169146,0.004787036293481214,1.9518031466219277,1.9520415854898854,0.048196853378072335,0.04795841451011462,,1,80.0
327,1,1,0,1,2.0,0.096,304.614,220.001,22.9402,23.0598,3.1801,46.0,-0.030259546068278527,0.004851744287345789,1.9527917773461947,1.9530322335337422,0.04720822265380531,0.046967766466257777,,1,70.0
328,1,1,0,1,2.0,0.096,304.578,220.035,22.9601,23.0245,2.77768,45.9846,-0.030344835426225573,0.004923980440400818,1.9534457570126729,1.953687636294819,0.04655424298732713,0.04631236370518099,,1,80.0
329,1,1,0,1,2.0,0.096,304.575,219.994,22.9277,23.0422,3.09049,45.9698,-0.03036086994376332,0.004840389348465188,1.9540746698468334,1.9543165115021155,0.04592533015316658,0.045683488497884506,,1,80.0
330,1,1,0,1,2.0,0.096,304.656,220.006,22.9079,23.0449,3.24046,45.9528,-0.030202884680385293,0.004867118917235249,1.9547975696350375,1.955036941170325,0.04520243036496252,0.044963058829674996,,1,70.0
331,1,1,0,1,2.0,0.096,304.621,219.991,22.9582,23.038,2.65856,45.9962,-0.030247436073867227,0.004831382316231842,1.9529531082551375,1.9531933065335676,0.04704689174486254,0.0468066934664324,,1,70.0
332,1,1,0,1,2.0,0.096,304.632,219.98,22.911,23.0723,3.09656,45.9832,-0.03023302247648727,0.004809902668309563,1.9535052314307173,1.953745085736346,0.046494768569282696,0.04625491426365391,,1,70.0
333,1,1,0,1,2.0,0.096,304.63,219.999,22.9249,23.0573,2.93372,45.9822,-0.030237855499319528,0.004849468603787913,1.9535477153751877,1.953787737063203,0.04645228462481232,0.04621226293679692,,1,70.0
334,1,1,0,1,2.0,0.096,304.662,220.029,22.8945,23.0852,2.99218,45.9798,-0.03017262187179614,0.004912032349101758,1.95364968438151,1.953888841376702,0.0463503156184899,0.046111158623298065,,1,70.0
335,1,1,0,1,2.0,0.096,304.639,219.968,22.9659,23.0732,2.75183,46.0391,-0.030181717695194062,0.004779170410988906,1.95113331402927,1.9513725901702348,0.04886668597073007,0.04862740982976521,,1,70.0
336,1,1,0,1,2.0,0.096,304.618,220.002,22.9577,23.0401,3.0012,45.9977,-0.030252710877735414,0.004854063099031281,1.9528894218172854,1.9531297658603928,0.04711057818271458,0.046870234139607225,,1,80.0
337,1,1,0,1,2.0,0.096,304.591,219.95,22.9575,23.0296,3.37822,45.9871,-0.030316047742536694,0.004747194030614671,1.9533395617015414,1.9535805695978505,0.04666043829845856,0.046419430402149464,,1,70.0
338,1,1,0,1,2.0,0.096,304.631,220.031,22.9275,23.0695,3.09298,45.9969,-0.030226104784035722,0.004914358728306445,1.9529233874005631,1.9531634661205948,0.04707661259943685,0.04683653387940523,,1,80.0
339,1,1,0,1,2.0,0.096,304.624,220.063,22.9696,23.0571,3.14871,46.0268,-0.03022106944521035,0.004977563044725641,1.9516547263317232,1.951895043281075,0.04834527366827679,0.048104956718924896,,1,80.0
340,1,1,0,1,2.0,0.096,304.628,220.001,22.9192,23.076,3.01998,45.9952,-0.03023348347524984,0.004852250609148484,1.9529955681880928,1.9532355969573547,0.047004431811907166,0.046764403042645286,,1,80.0
341,1,1,0,1,2.0,0.096,304.632,220.006,22.903,23.079,2.98265,45.982,-0.03023381147276781,0.004864028145359661,1.9535562123858239,1.953796206639069,0.04644378761417611,0.046203793360930945,,1,70.0
342,1,1,0,1,2.0,0.096,304.657,219.991,22.9867,23.0389,2.84177,46.0255,-0.030153091637044934,0.0048283066407505204,1.951709851233011,1.9519487352080411,0.048290148766988894,0.04805126479195887,,1,70.0
343,1,1,0,1,2.0,0.096,304.669,220.032,22.9647,23.0171,2.59479,45.9818,-0.03015669502152616,0.004918049488763893,1.9535647094703765,1.9538036461101898,0.046435290529623474,0.04619635388981025,,1,80.0
344,1,1,0,1,2.0,0.096,304.665,220.005,22.9035,23.0776,3.0413,45.9811,-0.030165505373747216,0.004862046388353543,1.9535944498484152,1.9538333786912507,0.04640555015158476,0.04616662130874927,,1,80.0
345,1,1,0,1,2.0,0.096,304.61,220.023,22.9419,23.0421,3.03696,45.984,-0.030278425520633447,0.004899122717701863,1.9534712456055356,1.9537120288985925,0.046528754394464356,0.04628797110140748,,1,80.0
346,1,1,0,1,2.0,0.096,304.546,220.025,22.956,23.0579,3.079,46.014,-0.030392209308923602,0.0049000795635157175,1.9521976302413386,1.9524403408776168,0.04780236975866137,0.04755965912238325,,1,80.0
347,1,1,0,1,2.0,0.096,304.616,219.987,22.9792,23.0318,2.57322,46.011,-0.030248138904627398,0.004821525794358819,1.952324917039946,1.9525651791203311,0.04767508296005407,0.04743482087966888,,1,80.0
348,1,1,0,1,2.0,0.096,304.674,220.001,22.9867,23.0675,2.70758,46.0542,-0.030098864362877044,0.00484603439464601,1.9504935870762048,1.9507318264976068,0.04950641292379521,0.04926817350239321,,1,110.0
349,1,1,0,1,2.0,0.096,304.621,220.004,22.9141,23.0662,2.88327,45.9802,-0.03025796145168598,0.0048600645537670165,1.9536326888078988,1.9538730376453477,0.046367311192101246,0.0461269623546523,,1,80.0
350,1,1,0,1,2.0,0.096,304.624,219.972,22.9666,23.0436,2.96794,46.0102,-0.030231972891680708,0.0047904749042207775,1.952358862989619,1.9525987941020677,0.047641137010381085,0.047401205897932286,,1,80.0
351,1,1,0,1,2.0,0.096,304.693,220.008,22.9622,23.0506,2.94481,46.0128,-0.030086304661763933,0.004864923329263546,1.9522485429690208,1.9524864216510867,0.04775145703097916,0.04751357834891334,,1,80.0
352,1,1,0,1,2.0,0.096,304.634,220.003,22.9481,23.0797,3.07538,46.0278,-0.03019955590188557,0.004852963626389125,1.9516123246804096,1.9518520000955766,0.04838767531959043,0.04814799990442342,,1,70.0
353,1,1,0,1,2.0,0.096,304.634,219.965,22.9154,23.0948,3.08401,46.0102,-0.03021110795303669,0.004775945366274163,1.952358862989619,1.9525984355704091,0.047641137010381085,0.04740156442959087,,1,70.0
354,1,1,0,1,2.0,0.096,304.611,220.039,22.9509,23.0359,3.1772,45.9868,-0.030274494401454567,0.004932051695905612,1.9533523045292334,1.9535931244132854,0.04664769547076664,0.046406875586714635,,1,70.0
355,1,1,0,1,2.0,0.096,304.561,219.997,22.9346,23.0478,3.04629,45.9824,-0.03038177909680252,0.004845293704728105,1.953539218438467,1.9537814635596653,0.04646078156153299,0.04621853644033469,,1,80.0
356,1,1,0,1,2.0,0.096,304.703,220.023,22.9635,23.0356,3.00165,45.9991,-0.030074395349926678,0.004897514495953236,1.9528299848893773,1.953067690784666,0.04717001511062269,0.04693230921533398,,1,120.0
357,1,1,0,1,2.0,0.096,304.714,219.957,22.9305,23.0395,3.1239,45.97,-0.030070461586704594,0.004763502143835355,1.9540661683255376,1.954303332087207,0.04593383167446241,0.04569666791279303,,1,80.0
358,1,1,0,1,2.0,0.096,304.594,219.919,22.9574,23.0828,3.05831,46.0402,-0.030274827631956647,0.004677415733223256,1.9510866972325263,1.951327174905278,0.04891330276747374,0.04867282509472193,,1,70.0
359,1,1,0,1,2.0,0.096,304.627,220.034,22.9088,23.0576,3.07672,45.9664,-0.03025451458327842,0.004923852421926681,1.95421920702785,1.9544595900381008,0.0457807929721501,0.04554040996189923,,1,80.0
360,1,1,0,1,2.0,0.096,304.666,219.987,22.967,23.0285,2.50345,45.9955,-0.030153974174447724,0.004823150597868132,1.9529828300143484,1.9532215591865292,0.04701716998565164,0.04677844081347082,,1,80.0
361,1,1,0,1,2.0,0.096,304.593,219.964,22.9048,23.0805,3.21086,45.9853,-0.030313059154573486,0.004776454660488081,1.9534160211616527,1.9536570445719112,0.046583978838347306,0.04634295542808875,,1,80.0
362,1,1,0,1,2.0,0.096,304.593,219.998,22.945,23.0009,3.18749,45.9459,-0.03033905352035346,0.004851221419989416,1.9550911345283246,1.9553325386821108,0.044908865471675385,0.044667461317889234,,1,90.0
363,1,1,0,1,2.0,0.096,304.674,219.988,22.9389,23.0597,2.80499,45.9985,-0.030135311350170373,0.004824912210542702,1.9528554574154582,1.9530939184599776,0.047144542584541815,0.046906081540022404,,1,90.0
364,1,1,0,1,2.0,0.096,304.542,220.061,22.922,23.0322,3.04731,45.9542,-0.030440114704223174,0.0049812704118920815,1.9547380165017552,1.9549813622629089,0.04526198349824484,0.04501863773709114,,1,90.0
365,1,1,0,1,2.0,0.096,304.547,219.996,22.9715,23.0243,3.0179,45.9958,-0.03040214800353092,0.0048418058226160805,1.9529700920067692,1.9532127160040151,0.04702990799323081,0.04678728399598486,,1,110.0
366,1,1,0,1,2.0,0.096,304.656,219.967,22.9601,23.0648,2.9478,46.0249,-0.030155570552913954,0.004778569936624679,1.9517352945454516,1.9519740913087016,0.04826470545454842,0.04802590869129841,,1,80.0
367,1,1,0,1,2.0,0.096,304.662,220.021,22.9109,23.0459,3.24463,45.9568,-0.030187722364063908,0.004897866193163858,1.9546274274519757,1.95486666241519,0.04537257254802429,0.045133337584809974,,1,80.0
368,1,1,0,1,2.0,0.096,304.613,220.002,22.9334,23.0386,3.14334,45.972,-0.030280064368328762,0.0048567766947339944,1.9539811571810004,1.9542217973393945,0.046018842818999595,0.045778202660605505,,1,80.0
369,1,1,0,1,2.0,0.096,304.645,219.972,22.9722,23.0406,2.92432,46.0128,-0.030186450708081486,0.004790204213570546,1.9522485429690208,1.9524877826474163,0.04775145703097916,0.04751221735258371,,1,80.0
370,1,1,0,1,2.0,0.096,304.611,220.001,22.9867,23.0675,2.70757,46.0542,-0.030230187890372885,0.00484603439464601,1.9504935870762048,1.9507338571764836,0.04950641292379521,0.04926614282351638,,1,70.0
371,1,1,0,1,2.0,0.096,304.627,219.977,22.972,23.0238,3.07154,45.9958,-0.030235176236543534,0.004802356158610143,1.9529700920067692,1.953210026796826,0.04702990799323081,0.04678997320317402,,1,80.0
372,1,1,0,1,2.0,0.096,304.686,220.017,22.9477,23.0548,3.28567,46.0025,-0.03010764891344627,0.00488469655119561,1.9526856531259162,1.9529238568636718,0.04731434687408376,0.04707614313632824,,1,70.0
373,1,1,0,1,2.0,0.096,304.621,220.014,22.9605,23.0358,2.78009,45.9963,-0.030247370313281976,0.004879126149693869,1.9529488623633848,1.9531891788276148,0.04705113763661517,0.04681082117238522,,1,80.0
374,1,1,0,1,2.0,0.096,304.67,219.957,22.9676,23.06,3.07086,46.0276,-0.030124601742015842,0.0047575409874099734,1.9516208048632768,1.9518590860514358,0.048379195136723174,0.048140913948564235,,1,80.0
375,1,1,0,1,2.0,0.096,304.575,219.997,22.9379,23.072,2.99616,46.0099,-0.030334408880280352,0.004842397685026256,1.9523715930250871,1.9526132393356275,0.047628406974912885,0.04738676066437253,,1,80.0
376,1,1,0,1,2.0,0.096,304.637,219.931,22.9396,23.0767,3.1481,46.0164,-0.030200778834085458,0.004704739348354029,1.9520958127520833,1.9523350849121004,0.047904187247916674,0.047664915087899606,,1,70.0
377,1,1,0,1,2.0,0.096,304.633,220.021,22.8955,23.0575,3.07625,45.9529,-0.03025086815284371,0.00489828187265641,1.954793315719464,1.9550335074803196,0.04520668428053609,0.044966492519680434,,1,90.0
378,1,1,0,1,2.0,0.096,304.606,219.993,22.9562,23.0842,3.03526,46.0404,-0.03024967461492104,0.004830892635135015,1.951078221690623,1.9513186842475025,0.04892177830937694,0.048681315752497456,,1,90.0
379,1,1,0,1,2.0,0.096,304.645,220.043,22.9479,23.038,3.26375,45.986,-0.030204042950915753,0.004940444459159129,1.9533862862159128,1.9536260326322514,0.046613713784087185,0.04637396736774857,,1,90.0
380,1,1,0,1,2.0,0.096,304.595,220.005,22.881,23.0848,3.05726,45.9658,-0.03032174179805001,0.004863664750478031,1.9542447158088176,1.9544859867819875,0.045755284191182355,0.04551401321801252,,1,90.0
381,1,1,0,1,2.0,0.096,304.597,219.975,22.9562,23.0842,3.03526,46.0404,-0.03026844074206158,0.004793555473353635,1.951078221690623,1.9513188831747812,0.04892177830937694,0.048681116825218806,,1,80.0
382,1,1,0,1,2.0,0.096,304.597,220.024,22.9417,23.0664,2.87164,46.008,-0.030289756545401055,0.0048986428456617844,1.9524522204382924,1.9526933039132712,0.04754777956170764,0.04730669608672877,,1,80.0
383,1,1,0,1,2.0,0.096,304.579,219.973,22.9493,23.0795,3.13492,46.0288,-0.03031361059034364,0.004790613907609664,1.9515699248714926,1.9518112195167743,0.04843007512850739,0.048188780483225724,,1,70.0
384,1,1,0,1,2.0,0.096,304.637,220.009,22.9275,23.0807,2.93917,46.0082,-0.030206161491664742,0.004867485473396912,1.9524437330285678,1.9526834447112575,0.047556266971432226,0.04731655528874246,,1,30.0
385,1,1,0,1,2.0,0.096,304.602,220.034,22.8774,23.0777,3.12646,45.9551,-0.030314178821084326,0.004925063158762587,1.954699734260723,1.954940985504078,0.045300265739276924,0.04505901449592198,,1,10.0
386,1,1,0,1,2.0,0.096,304.571,219.986,22.905,23.0766,3.10278,45.9816,-0.03036142977062145,0.004822531672056623,1.9535732066288463,1.9538150748951544,0.04642679337115374,0.04618492510484562,,1,80.0
387,1,1,0,1,2.0,0.096,304.678,220.008,22.9578,23.0734,3.22772,46.0312,-0.03010556142661521,0.004862978678912079,1.9514681728463512,1.9517064387409084,0.04853182715364879,0.048293561259091566,,1,80.0
388,1,1,0,1,2.0,0.096,304.663,220.03,22.9497,23.0476,3.16749,45.9974,-0.030158989837269255,0.004912229082461919,1.9529021587725601,1.953141197251517,0.047097841227439874,0.046858802748483086,,1,80.0
389,1,1,0,1,2.0,0.096,304.638,220.017,22.988,23.0553,3.26165,46.0433,-0.030181049558585332,0.00488036811211134,1.9509553346073143,1.9511948727326303,0.049044665392685705,0.04880512726736974,,1,120.0
390,1,1,0,1,2.0,0.096,304.612,220.001,22.9349,23.0495,3.27314,45.9844,-0.030273986811631938,0.0048533902196811595,1.9534542531363888,1.9536948555930482,0.04654574686361124,0.04630514440695177,,1,90.0
391,1,1,0,1,2.0,0.096,304.587,219.989,22.887,23.082,3.29607,45.969,-0.030336337948200114,0.004830086042964897,1.954108676671778,1.954350107676518,0.0458913233282221,0.045649892323482044,,1,90.0
392,1,1,0,1,2.0,0.096,304.593,220.017,22.8869,23.0966,3.13928,45.9834,-0.03031431166770635,0.00488672549433874,1.9534967348635583,1.953738040449775,0.04650326513644165,0.04626195955022494,,1,120.0
393,1,1,0,1,2.0,0.096,304.62,219.996,22.9517,23.0736,2.93875,46.0252,-0.030230463292735495,0.004838712971500064,1.9517225728063097,1.951962677731261,0.048277427193690325,0.04803732226873891,,1,80.0
394,1,1,0,1,2.0,0.096,304.651,219.978,22.9866,23.0404,2.96099,46.027,-0.030164623354570333,0.00480117570974874,1.9516462458540629,1.9518852488675087,0.04835375414593712,0.04811475113249131,,1,80.0
395,1,1,0,1,2.0,0.096,304.6,220.022,22.9571,23.0568,3.08276,46.0139,-0.030279613750210432,0.004893863768522069,1.9522018728672197,1.9524428179431341,0.04779812713278031,0.047557182056865877,,1,70.0
396,1,1,0,1,2.0,0.096,304.633,219.966,22.9562,23.0842,3.03526,46.0404,-0.030193376233499533,0.004774886892462974,1.951078221690623,1.9513176744622227,0.04892177830937694,0.04868232553777729,,1,80.0
397,1,1,0,1,2.0,0.096,304.596,219.942,22.9443,23.042,3.10467,45.9863,-0.030306137243935903,0.004730662798834576,1.9533735429448544,1.9536143527836034,0.046626457055145565,0.0463856472163966,,1,80.0
398,1,1,0,1,2.0,0.096,304.548,220.0,22.8686,23.1008,3.14172,45.9694,-0.030417519461659492,0.004852896409905316,1.9540916731113513,1.9543344245591352,0.045908326888648654,0.0456655754408648,,1,70.0
399,1,1,0,1,2.0,0.096,304.659,220.015,22.9588,23.0673,2.86774,46.0261,-0.03014852701273431,0.004878042048132827,1.9516844085839329,1.951923348824148,0.048315591416067116,0.048076651175851914,,1,110.0
400,1,1,0,1,2.0,0.096,304.597,220.018,22.9493,23.0795,3.13492,46.0288,-0.030276068877329233,0.0048839803359805355,1.9515699248714926,1.951810868212776,0.04843007512850739,0.04818913178722406,,1,70.0
401,1,1,0,1,2.0,0.096,304.642,219.981,22.9578,23.0734,3.22772,46.0312,-0.030180640937903215,0.004806961742683597,1.9514681728463512,1.95170745953406,0.04853182715364879,0.048292540465940004,,1,70.0
402,1,1,0,1,2.0,0.096,304.656,220.001,22.9807,23.0602,2.88875,46.0409,-0.030145090976518907,0.004847434285991506,1.9510570331580173,1.9512959208599048,0.04894296684198274,0.048704079140095224,,1,70.0
403,1,1,0,1,2.0,0.096,304.637,220.018,22.9556,23.0586,2.98319,46.0141,-0.030202288410309232,0.004885540607961057,1.9521933876338984,1.9524331152318044,0.04780661236610162,0.047566884768195594,,1,70.0
404,1,1,0,1,2.0,0.096,304.605,219.969,22.9558,23.0705,2.90323,46.0263,-0.030261027263560357,0.004782574429423269,1.9516759278483162,1.9519163737547276,0.04832407215168377,0.048083626245272404,,1,80.0
405,1,1,0,1,2.0,0.096,304.644,219.958,22.9719,23.0557,3.05343,46.0277,-0.03017876450791174,0.004759605510258303,1.951616564762631,1.9518556881920675,0.0483834352373691,0.04814431180793255,,1,70.0
406,1,1,0,1,2.0,0.096,304.629,220.018,22.9687,23.058,3.04202,46.0267,-0.03021070637566474,0.00488420317095905,1.9516589665981912,1.9518988867570604,0.04834103340180884,0.04810111324293964,,1,110.0
407,1,1,0,1,2.0,0.096,304.616,219.985,22.9521,23.0725,3.13935,46.0246,-0.03023920075656956,0.00481595106398397,1.9517480164504408,1.951988197291489,0.048251983549559174,0.04801180270851102,,1,80.0
408,1,1,0,1,2.0,0.096,304.644,220.001,22.9692,23.0442,2.88823,46.0135,-0.03018807782804632,0.0048503208236258125,1.9522188435551513,1.9524582604467775,0.047781156444848705,0.047541739553222495,,1,70.0
409,1,1,0,1,2.0,0.096,304.62,219.956,22.9807,23.0602,2.88876,46.0409,-0.030220154669887197,0.004754092395233507,1.9510570331580173,1.951296852295452,0.04894296684198274,0.04870314770454809,,1,70.0
410,1,1,0,1,2.0,0.096,304.698,219.993,22.9638,23.0522,3.20239,46.016,-0.030073781274791635,0.004833454217634521,1.9521127815960744,1.9523504057086167,0.047887218403925624,0.04764959429138327,,1,150.0
411,1,1,0,1,2.0,0.096,304.552,220.037,22.9493,23.0795,3.13492,46.0288,-0.0303699231598653,0.0049234017168482596,1.9515699248714926,1.9518124253575508,0.04843007512850739,0.04818757464244916,,1,90.0
412,1,1,0,1,2.0,0.096,304.599,220.002,22.9638,23.0522,3.2024,46.016,-0.030280318131537094,0.004852132697546749,1.9521127815960744,1.9523536444324385,0.047887218403925624,0.04764635556756147,,1,80.0
413,1,1,0,1,2.0,0.096,304.58,220.001,22.9384,23.0719,2.99819,46.0102,-0.030323778621714568,0.004850668704285275,1.952358862989619,1.9526003662887332,0.047641137010381085,0.047399633711266764,,1,80.0
414,1,1,0,1,2.0,0.096,304.58,219.99,22.935,23.0493,3.16873,45.9843,-0.0303408580567892,0.004830555783201185,1.953458501225961,1.9537000839301755,0.0465414987740389,0.04629991606982453,,1,90.0
415,1,1,0,1,2.0,0.096,304.715,219.987,22.9779,23.0639,3.08757,46.0418,-0.030021483068446764,0.004818300399294633,1.9510188949590361,1.9512558094600372,0.04898110504096387,0.04874419053996282,,1,80.0
416,1,1,0,1,2.0,0.096,304.645,219.965,22.9526,23.0593,2.73351,46.0118,-0.03018710676697742,0.004775779289037757,1.9522909722706991,1.9525301815573686,0.04770902772930086,0.04746981844263143,,1,80.0
417,1,1,0,1,2.0,0.096,304.627,219.994,22.9574,23.0425,3.19827,46.0,-0.030232415633495848,0.004837211527632064,1.9527917773461947,1.9530317773250156,0.04720822265380531,0.04696822267498435,,1,80.0
418,1,1,0,1,2.0,0.096,304.611,219.936,22.9767,23.0526,3.05459,46.0293,-0.030246541206162394,0.004713794750552799,1.9515487256578952,1.9517887953702473,0.04845127434210483,0.0482112046297527,,1,70.0
419,1,1,0,1,2.0,0.096,304.575,220.011,22.9987,23.0408,3.20099,46.0395,-0.030314906094566867,0.0048683249631718325,1.9511163622090806,1.9513579253943818,0.04888363779091942,0.0486420746056182,,1,80.0
420,1,1,0,1,2.0,0.096,304.645,220.0,22.9771,23.0638,2.92266,46.0409,-0.030168027105048158,0.0048453600217524305,1.9510570331580173,1.9512962701774725,0.04894296684198274,0.048703729822527464,,1,80.0
421,1,1,0,1,2.0,0.096,304.66,219.963,22.9578,23.0734,3.22772,46.0312,-0.030143101182259154,0.0047696171185312945,1.9514681728463512,1.9517067877702885,0.04853182715364879,0.0482932122297115,,1,120.0
422,1,1,0,1,2.0,0.096,304.572,220.004,22.9727,23.0638,2.76168,46.0365,-0.030323137491790424,0.004854120973469274,1.9512435080409016,1.9514851479910205,0.04875649195909837,0.04851485200897954,,1,110.0
423,1,1,0,1,2.0,0.096,304.654,219.955,22.9771,23.0638,2.9227,46.0409,-0.030149261181706053,0.004752018130994491,1.9510570331580173,1.9512957505876665,0.04894296684198274,0.04870424941233353,,1,80.0
424,1,1,0,1,2.0,0.096,304.576,219.984,22.923,23.0738,3.10144,45.9969,-0.03034089512860232,0.0048167750510802205,1.9529233874005631,1.95316500283391,0.04707661259943685,0.046834997166089964,,1,70.0
425,1,1,0,1,2.0,0.096,304.649,219.996,22.9767,23.0639,2.91696,46.0406,-0.03015988321483234,0.004837094483040724,1.9510697462223552,1.9513088352853671,0.04893025377764482,0.04869116471463286,,1,70.0
426,1,1,0,1,2.0,0.096,304.632,220.021,22.9317,23.0948,3.28545,46.0265,-0.030204580386099522,0.0048904491339987356,1.9516674471864026,1.9519072871363852,0.048332552813597385,0.04809271286361483,,1,70.0
427,1,1,0,1,2.0,0.096,304.689,219.986,22.9659,23.0712,2.68594,46.037,-0.03007883048723435,0.004816728334423155,1.9512223159181736,1.951460084924211,0.04877768408182637,0.04853991507578903,,1,70.0
428,1,1,0,1,2.0,0.096,304.66,219.986,22.9724,23.0669,2.9322,46.0393,-0.030137797906154257,0.004816487703588865,1.951124838082355,1.9513635282023507,0.04887516191764507,0.048636471797649294,,1,80.0
429,1,1,0,1,2.0,0.096,304.644,219.971,22.9425,23.0442,3.09456,45.9868,-0.030205605067993625,0.004790835793005252,1.9533523045292334,1.9535917066508002,0.04664769547076664,0.046408293349199825,,1,80.0
430,1,1,0,1,2.0,0.096,304.576,219.983,22.9954,23.0436,3.47269,46.0391,-0.030313084294454232,0.004810285591043849,1.95113331402927,1.9513747028804467,0.04886668597073007,0.04862529711955332,,1,70.0
431,1,1,0,1,2.0,0.096,304.606,220.005,22.9866,23.0404,2.96093,46.027,-0.030258481307511034,0.004857197757566712,1.9516462458540629,1.9518868402182925,0.04835375414593712,0.04811315978170749,,1,70.0
432,1,1,0,1,2.0,0.096,304.611,219.964,22.9767,23.0526,3.05459,46.0293,-0.030246541206162394,0.004771888786032866,1.9515487256578952,1.9517889365385994,0.04845127434210483,0.04821106346140058,,1,70.0
433,1,1,0,1,2.0,0.096,304.658,220.021,22.9493,23.0644,3.31479,46.0136,-0.03015880346551473,0.004891820180685553,1.9522146008555072,1.9524536693925876,0.04778539914449276,0.047546330607412424,,1,120.0
434,1,1,0,1,2.0,0.096,304.617,219.931,22.9719,23.0557,3.05345,46.0277,-0.030235078423227923,0.004703584314436704,1.951616564762631,1.9518564239022689,0.0483834352373691,0.04814357609773112,,1,80.0
435,1,1,0,1,2.0,0.096,304.591,219.964,22.9771,23.0638,2.92266,46.0409,-0.030280622645100532,0.004770686509146056,1.9510570331580173,1.95129783021273,0.04894296684198274,0.048702169787270044,,1,80.0
436,1,1,0,1,2.0,0.096,304.606,220.034,23.0016,23.0494,2.94223,46.051,-0.030242711757417006,0.004914806843874196,1.950629123318168,1.9508697428782271,0.04937087668183193,0.04913025712177288,,1,70.0
437,1,1,0,1,2.0,0.096,304.561,219.971,22.9927,23.0877,2.63473,46.0803,-0.030317231422990126,0.0047811148678670486,1.9493888225103777,1.9496304200819528,0.050611177489622294,0.05036957991804725,,1,70.0
438,1,1,0,1,2.0,0.096,304.638,219.961,22.9766,23.0479,3.20596,46.0245,-0.03019337785615948,0.004766161447092977,1.9517522571222925,1.9519916059100428,0.0482477428777075,0.04800839408995716,,1,70.0
439,1,1,0,1,2.0,0.096,304.644,219.994,22.9719,23.0557,3.05344,46.0277,-0.03017876450791174,0.004834300438020474,1.951616564762631,1.9518558717650853,0.0483834352373691,0.04814412823491465,,1,120.0
440,1,1,0,1,2.0,0.096,304.643,219.95,22.969,23.0579,3.04568,46.027,-0.030181309212870978,0.004743078771270774,1.9516462458540629,1.9518853647635894,0.04835375414593712,0.048114635236410574,,1,90.0
441,1,1,0,1,2.0,0.096,304.627,219.959,22.9789,23.0761,2.72842,46.055,-0.03019631134818823,0.004758857790401064,1.9504597059586355,1.950699240917152,0.04954029404136451,0.049300759082848034,,1,120.0
442,1,1,0,1,2.0,0.096,304.639,219.984,23.0076,23.0392,3.29915,46.0468,-0.03017667067289821,0.004811555207897873,1.9508070432239584,1.9510463609070448,0.04919295677604163,0.04895363909295525,,1,80.0
443,1,1,0,1,2.0,0.096,304.634,220.014,22.9738,23.0822,3.0125,46.056,-0.030181064772034232,0.004872801591956839,1.9504173562168874,1.9506569417245567,0.04958264378311261,0.049343058275443274,,1,80.0
444,1,1,0,1,2.0,0.096,304.636,219.973,22.9771,23.0638,2.92268,46.0409,-0.03018679302839014,0.004789354887297678,1.9510570331580173,1.9512964221329725,0.04894296684198274,0.0487035778670275,,1,120.0
445,1,1,0,1,2.0,0.096,304.615,219.964,22.9853,23.0462,3.27427,46.0314,-0.030236819196044637,0.004771671087538998,1.9514596939898625,1.9516997646531267,0.04854030601013748,0.04830023534687333,,1,110.0
446,1,1,0,1,2.0,0.096,304.628,219.96,22.9555,23.0605,3.13965,46.0159,-0.030219883108682243,0.004764976812999981,1.952117023853167,1.95235673511694,0.0478829761468329,0.04764326488306003,,1,70.0
447,1,1,0,1,2.0,0.096,304.637,220.0,22.9908,23.0781,3.1158,46.0689,-0.030166362104170275,0.004842415083179791,1.949871209382576,1.9501105588057073,0.050128790617423924,0.04988944119429273,,1,80.0
448,1,1,0,1,2.0,0.096,304.636,220.001,22.9555,23.0705,2.89859,46.026,-0.030196565400877926,0.004849003546210974,1.95168864897938,1.9519282589153626,0.0483113510206199,0.04807174108463741,,1,70.0
449,1,1,0,1,2.0,0.096,304.663,219.999,22.9872,23.0782,2.86387,46.0653,-0.030114535651364672,0.004840720352045826,1.95002359168235,1.950262117241874,0.049976408317649934,0.04973788275812607,,1,90.0
450,1,1,0,1,2.0,0.096,304.603,220.012,22.9861,23.0552,3.05549,46.0413,-0.030255338557790702,0.004870208880599689,1.9510400826632819,1.9512807354669734,0.04895991733671812,0.04871926453302655,,1,80.0
451,1,1,0,1,2.0,0.096,304.612,219.985,22.9776,23.0782,2.98851,46.0558,-0.03022705325150812,0.004812688550398357,1.950425826018112,1.950665973332643,0.049574173981888014,0.04933402666735698,,1,70.0
452,1,1,0,1,2.0,0.096,304.617,219.978,22.9866,23.0655,3.05551,46.0521,-0.03021905882990804,0.004798558901605036,1.950582530610438,1.9508224999744899,0.04941746938956193,0.049177500025510135,,1,80.0
453,1,1,0,1,2.0,0.096,304.633,219.967,22.9797,23.0356,3.19928,46.0153,-0.03020984583694579,0.0047795668718047515,1.952142477782932,1.9523820662486784,0.04785752221706807,0.04761793375132162,,1,80.0
454,1,1,0,1,2.0,0.096,304.613,220.002,23.0008,23.03,3.34926,46.0308,-0.030241384445649652,0.004850572621164768,1.951485130780368,1.9517254635436851,0.048514869219631995,0.048274536456314854,,1,160.0
455,1,1,0,1,2.0,0.096,304.609,220.013,22.9738,23.0553,3.22664,46.0291,-0.030250843903982735,0.0048735745240893105,1.9515572052880668,1.9517977330649081,0.048442794711933246,0.048202266935091886,,1,70.0
456,1,1,0,1,2.0,0.096,304.654,219.973,22.9771,23.0638,2.92267,46.0409,-0.030149261181706053,0.004789354887297678,1.9510570331580173,1.951295841871602,0.04894296684198274,0.04870415812839801,,1,70.0
457,1,1,0,1,2.0,0.096,304.706,219.965,22.9953,23.061,2.78631,46.0562,-0.030030856196143155,0.004771175248747128,1.9504088864892233,1.9506459035235635,0.04959111351077672,0.049354096476436515,,1,70.0
458,1,1,0,1,2.0,0.096,304.644,220.007,22.9769,23.0805,2.92346,46.0575,-0.03015923832472039,0.004858128278181248,1.9503538350523792,1.9505930541684542,0.04964616494762075,0.04940694583154581,,1,80.0
459,1,1,0,1,2.0,0.096,304.651,219.978,22.9866,23.0404,2.96094,46.027,-0.030164623354570333,0.00480117570974874,1.9516462458540629,1.9518852488675087,0.04835375414593712,0.04811475113249131,,1,70.0
460,1,1,0,1,2.0,0.096,304.594,219.977,22.944,23.0908,2.82872,46.0348,-0.03027837894681438,0.0047982876736773145,1.9513155647015945,1.9515563627123222,0.04868443529840549,0.048443637287677754,,1,70.0
461,1,1,0,1,2.0,0.096,304.699,220.0,22.9771,23.0638,2.92267,46.0409,-0.030055431564995662,0.0048453600217524305,1.9510570331580173,1.9512945326412574,0.04894296684198274,0.048705467358742593,,1,70.0
462,1,1,0,1,2.0,0.096,304.64,219.961,22.9821,23.0435,2.97855,46.0256,-0.030188484650733753,0.004766047537060478,1.9517056107454323,1.9519448892911486,0.04829438925456775,0.04805511070885138,,1,150.0
463,1,1,0,1,2.0,0.096,304.665,220.018,22.9767,23.0526,3.0546,46.0293,-0.03013391729052599,0.004883927283030175,1.9515487256578952,1.9517874716100452,0.04845127434210483,0.04821252838995482,,1,70.0
464,1,1,0,1,2.0,0.096,304.64,219.99,22.9548,23.0591,3.09404,46.0139,-0.030196160706673664,0.0048274483645476315,1.9522018728672197,1.952441360145143,0.04779812713278031,0.04755863985485709,,1,80.0
465,1,1,0,1,2.0,0.096,304.655,219.977,22.9711,23.0579,3.35334,46.0289,-0.030155035621985588,0.004798902719817341,1.951565684991928,1.9518045441279952,0.04843431500807194,0.0481954558720048,,1,70.0
466,1,1,0,1,2.0,0.096,304.651,220.008,22.9645,23.0377,3.05284,46.0021,-0.030180950850957,0.0048660549010749,1.952702632226028,1.9529419187950845,0.04729736777397209,0.0470580812049155,,1,80.0
467,1,1,0,1,2.0,0.096,304.62,220.036,22.9767,23.0526,3.05459,46.0293,-0.03022777055355631,0.004921273448695946,1.9515487256578952,1.9517890166874978,0.04845127434210483,0.048210983312502176,,1,70.0
468,1,1,0,1,2.0,0.096,304.677,220.032,22.9759,23.133,2.54169,46.1089,-0.0300569113368744,0.004904492798189581,1.9481796737273056,1.9484176947187046,0.051820326272694395,0.05158230528129537,,1,70.0
469,1,1,0,1,2.0,0.096,304.632,219.964,22.9968,23.0157,3.22883,46.0125,-0.030213770587140653,0.004773631089354906,1.9522612715658778,1.9525008916625077,0.04773872843412219,0.04749910833749227,,1,70.0
470,1,1,0,1,2.0,0.096,304.654,219.991,22.9771,23.0638,2.92267,46.0409,-0.030149261181706053,0.0048266916436008655,1.9510570331580173,1.9512959338699474,0.04894296684198274,0.048704066130052626,,1,80.0
471,1,1,0,1,2.0,0.096,304.591,220.042,23.0027,23.0641,2.80595,46.0667,-0.030263663755832507,0.004929716647958,1.9499643290690447,1.9502053933090855,0.05003567093095529,0.04979460669091451,,1,110.0
472,1,1,0,1,2.0,0.096,304.605,220.009,22.9822,23.0444,3.39032,46.0266,-0.03026083002309117,0.0048655396044274355,1.951663206883084,1.951903856343978,0.04833679311691608,0.048096143656022106,,1,80.0
473,1,1,0,1,2.0,0.096,304.629,219.964,22.9767,23.0526,3.05459,46.0293,-0.030208999900950224,0.004771888786032866,1.9515487256578952,1.9517883551283313,0.04845127434210483,0.048211644871668735,,1,80.0
474,1,1,0,1,2.0,0.096,304.638,219.948,22.9966,23.0404,2.65802,46.0369,-0.030185245295421978,0.004737909907497527,1.9512265543058926,1.9514657729645895,0.048773445694107354,0.04853422703541055,,1,80.0
475,1,1,0,1,2.0,0.096,304.623,219.982,22.9822,23.0444,3.39029,46.0266,-0.030223286515641188,0.004809517069742759,1.951663206883084,1.9519031358147396,0.04833679311691608,0.04809686418526038,,1,80.0
476,1,1,0,1,2.0,0.096,304.662,220.001,22.9974,23.0472,2.94363,46.0446,-0.03013015900107313,0.004847044761338057,1.9509002523189463,1.9511389276067648,0.04909974768105374,0.04886107239323523,,1,50.0
477,1,1,0,1,2.0,0.096,304.632,219.973,22.9684,23.0454,2.88114,46.0138,-0.030212916975794424,0.004792175595812205,1.952206115511541,1.9524457745965156,0.04779388448845889,0.04755422540348442,,1,80.0
478,1,1,0,1,2.0,0.096,304.611,220.02,23.0048,23.0376,2.95595,46.0424,-0.030237935449516334,0.004886686099629702,1.9509934703213767,1.9512339002994834,0.04900652967862329,0.048766099700516596,,1,80.0
479,1,1,0,1,2.0,0.096,304.691,219.979,22.9957,23.0463,3.545,46.042,-0.030071393925998273,0.004801685751813782,1.951010420006189,1.9512480631358582,0.04898957999381093,0.04875193686414181,,1,70.0
480,1,1,0,1,2.0,0.096,304.656,220.01,22.9914,23.0624,3.05765,46.0537,-0.03013671255818337,0.004864750197042684,1.9505147633724318,1.9507536311313398,0.04948523662756821,0.049246368868660184,,1,110.0
481,1,1,0,1,2.0,0.096,304.674,219.969,23.0019,23.0404,2.81651,46.0423,-0.03010664365465696,0.004780912453569092,1.95099770771497,1.9512358449518872,0.04900229228502995,0.04876415504811282,,1,80.0
482,1,1,0,1,2.0,0.096,304.643,220.005,22.981,23.0468,3.22197,46.0278,-0.03018078463756279,0.004857113335582476,1.9516123246804096,1.951851720073983,0.04838767531959043,0.04814827992601689,,1,80.0
483,1,1,0,1,2.0,0.096,304.681,219.978,22.9703,23.0902,2.3726,46.0605,-0.030080158034342042,0.004797683793979772,1.9502268051350933,1.9504646690326362,0.04977319486490672,0.049535330967363844,,1,80.0
484,1,1,0,1,2.0,0.096,304.682,219.986,23.0017,23.0294,3.16717,46.0311,-0.030097284643226172,0.0048173457147849775,1.9514724123022251,1.9517104368577058,0.04852758769777488,0.048289563142294156,,1,70.0
485,1,1,0,1,2.0,0.096,304.643,220.007,22.9836,23.0442,2.90364,46.0278,-0.03018078463756279,0.0048612630447758265,1.9516123246804096,1.9518517304047973,0.04838767531959043,0.048148269595202686,,1,70.0
486,1,1,0,1,2.0,0.096,304.664,219.971,23.0086,23.059,2.43198,46.0676,-0.030110948239995383,0.004782432934335063,1.9499262335768515,1.9501645718399996,0.050073766423148536,0.04983542816000042,,1,70.0
487,1,1,0,1,2.0,0.096,304.641,219.976,22.9826,23.0444,3.00025,46.027,-0.030185480677446024,0.004797025928428869,1.9516462458540629,1.9518855611069375,0.04835375414593712,0.04811443889306255,,1,70.0
488,1,1,0,1,2.0,0.096,304.736,219.985,23.0085,23.0343,2.88193,46.0428,-0.029977045686639624,0.004814047393717077,1.9509765209310677,1.951212746869162,0.04902347906893234,0.04878725313083798,,1,80.0
489,1,1,0,1,2.0,0.096,304.633,219.999,22.974,23.0768,2.87025,46.0509,-0.030186491884866787,0.004842234033061169,1.9506333591292453,1.9508729259668833,0.04936664087075471,0.04912707403311667,,1,80.0
490,1,1,0,1,2.0,0.096,304.701,220.011,22.9659,23.1038,2.59196,46.0697,-0.030032475122277937,0.004865133637552439,1.9498373498834367,1.9500746934637518,0.05016265011656329,0.04992530653624816,,1,100.0
491,1,1,0,1,2.0,0.096,304.64,219.961,22.9636,23.0385,3.3496,46.0021,-0.0302039063247289,0.004768482254543395,1.952702632226028,1.9529420330062905,0.04729736777397209,0.047057966993709455,,1,90.0
492,1,1,0,1,2.0,0.096,304.641,219.969,22.9729,23.0669,2.96077,46.0398,-0.030177088500402002,0.004781172061150662,1.951103648537243,1.9513428616242665,0.04889635146275695,0.04865713837573349,,1,80.0
493,1,1,0,1,2.0,0.096,304.664,219.964,23.0144,23.027,2.62835,46.0414,-0.030128082967520776,0.004770634700485707,1.9510358450856176,1.9512742834229362,0.04896415491438244,0.048725716577063816,,1,90.0
494,1,1,0,1,2.0,0.096,304.639,220.007,22.9908,23.0379,0.873527,46.0286,-0.030188602719631037,0.00486117855360217,1.9515784046858902,1.9518179352663552,0.04842159531410983,0.048182064733644836,,1,90.0
495,1,1,0,1,2.0,0.096,304.633,220.023,22.9942,23.0456,3.21627,46.0398,-0.030193769719694955,0.0048931850062511675,1.951103648537243,1.95134339733547,0.04889635146275695,0.04865660266453009,,1,90.0
496,1,1,0,1,2.0,0.096,304.639,219.983,22.9925,23.0613,3.0324,46.0538,-0.03017208393532801,0.004808750186838587,1.950510528076401,1.9507498042712295,0.04948947192359898,0.04925019572877054,,1,70.0
497,1,1,0,1,2.0,0.096,304.618,219.991,22.9976,23.0431,3.10919,46.0407,-0.0302244561690159,0.0048267126106654136,1.951065508515834,1.9513055715150018,0.048934491484166065,0.048694428484998165,,1,90.0
498,1,1,0,1,2.0,0.096,304.673,219.933,22.9801,23.0494,2.09592,46.0295,-0.030117101405420652,0.0047075499350287394,1.9515402461014124,1.951778300160399,0.04845975389858759,0.04822169983960101,,1,80.0
499,1,1,0,1,2.0,0.096,304.648,219.974,22.9809,23.0555,2.78354,46.0364,-0.03016472007239505,0.004791897507689259,1.951247746520687,1.95148677702946,0.048752253479313,0.04851322297054006,,1,90.0
