frame,detected,pose_success,marker_id,real_distance_m,tvec_x_m,tvec_y_m,tvec_z_m,estimated_distance_m,z_error_m,distance_error_m,reprojection_error_px,detection_time_ms,pose_time_ms,total_time_ms
1,0,0,,1.0,,,,,,,,15.495,0.0,15.495
2,0,0,,1.0,,,,,,,,25.0785,0.0,25.0785
3,0,0,,1.0,,,,,,,,18.4697,0.0,18.4697
4,0,0,,1.0,,,,,,,,14.7737,0.0,14.7737
5,0,0,,1.0,,,,,,,,18.5122,0.0,18.5122
6,1,1,1,1.0,-0.0212908,0.0219235,1.00457,1.00504,0.004569999999999963,0.005039999999999933,,17.9442,0.0,17.9442
7,1,1,1,1.0,-0.0211737,0.0202511,1.01177,1.01219,0.011770000000000058,0.012189999999999923,,19.3086,0.0,19.3086
8,1,1,1,1.0,-0.0212642,0.0203136,1.01341,1.01383,0.013409999999999922,0.013830000000000009,,20.5375,0.0,20.5375
9,1,1,1,1.0,-0.0209968,0.0202956,1.0108,1.01122,0.01079999999999992,0.011220000000000008,,22.5287,0.0,22.5287
10,1,1,1,1.0,-0.0211488,0.0201921,1.00842,1.00884,0.008420000000000094,0.008839999999999959,,22.3477,0.0,22.3477
11,1,1,1,1.0,-0.0212488,0.020304,1.01368,1.01411,0.013679999999999914,0.014110000000000067,,24.1821,0.0,24.1821
12,1,1,1,1.0,-0.0211071,0.0202214,1.00592,1.00634,0.005919999999999925,0.006340000000000012,,23.8385,0.0,23.8385
13,1,1,1,1.0,-0.0211615,0.02025,1.01083,1.01125,0.010829999999999895,0.011249999999999982,,23.1735,0.0,23.1735
14,1,1,1,1.0,-0.0210084,0.0200668,1.0026,1.00302,0.0025999999999999357,0.0030200000000000227,,25.5764,0.0,25.5764
15,1,1,1,1.0,-0.0211017,0.0201762,1.00662,1.00704,0.00662000000000007,0.007039999999999935,,25.9137,0.0,25.9137
16,1,1,1,1.0,-0.0210345,0.0201225,1.00692,1.00734,0.006920000000000037,0.007339999999999902,,26.2975,0.0,26.2975
17,1,1,1,1.0,-0.0210793,0.0202047,1.00725,1.00768,0.007249999999999979,0.007679999999999909,,29.4284,0.0,29.4284
18,1,1,1,1.0,-0.0211237,0.0202094,1.00782,1.00825,0.007819999999999938,0.00825000000000009,,29.8072,0.0,29.8072
19,1,1,1,1.0,-0.0210627,0.0201665,1.00491,1.00533,0.00490999999999997,0.005330000000000057,,29.3502,0.0,29.3502
20,1,1,1,1.0,-0.0210188,0.0203514,1.01043,1.01085,0.01042999999999994,0.010850000000000026,,28.7107,0.0,28.7107
21,1,1,1,1.0,-0.0211671,0.0201791,1.00896,1.00938,0.008960000000000079,0.009379999999999944,,27.9632,0.0,27.9632
22,1,1,1,1.0,-0.0211412,0.0201799,1.0088,1.00922,0.008799999999999919,0.009220000000000006,,27.7766,0.0,27.7766
23,1,1,1,1.0,-0.0210603,0.0201795,1.00647,1.00689,0.006469999999999976,0.006890000000000063,,28.0605,0.0,28.0605
24,1,1,1,1.0,-0.0210452,0.0201704,1.00409,1.00452,0.004089999999999927,0.0045200000000000795,,28.7798,0.0,28.7798
25,1,1,1,1.0,-0.0211168,0.0202073,1.00591,1.00633,0.005910000000000082,0.006329999999999947,,28.3426,0.0,28.3426
26,1,1,1,1.0,-0.0211997,0.0202348,1.01166,1.01209,0.011660000000000004,0.012089999999999934,,27.8323,0.0,27.8323
27,1,1,1,1.0,-0.021063,0.0202048,1.00735,1.00778,0.007349999999999968,0.007779999999999898,,27.3751,0.0,27.3751
28,1,1,1,1.0,-0.0211382,0.0201629,1.00797,1.00839,0.007970000000000033,0.008389999999999898,,27.4683,0.0,27.4683
29,1,1,1,1.0,-0.0211875,0.0203506,1.01504,1.01547,0.015039999999999942,0.015470000000000095,,27.3439,0.0,27.3439
30,1,1,1,1.0,-0.021224,0.020262,1.01244,1.01286,0.012440000000000007,0.012860000000000094,,27.4156,0.0,27.4156
31,1,1,1,1.0,-0.0211165,0.0202397,1.00713,1.00756,0.007130000000000081,0.007560000000000011,,28.3755,0.0,28.3755
32,1,1,1,1.0,-0.0212041,0.0202385,1.01218,1.01261,0.01218000000000008,0.01261000000000001,,28.3397,0.0,28.3397
33,1,1,1,1.0,-0.0211687,0.0202162,1.00825,1.00868,0.00825000000000009,0.008680000000000021,,29.2846,0.0,29.2846
34,1,1,1,1.0,-0.0211623,0.0201913,1.01041,1.01083,0.01041000000000003,0.010829999999999895,,29.9042,0.0,29.9042
35,1,1,1,1.0,-0.0210705,0.0201693,1.00467,1.00509,0.004669999999999952,0.005090000000000039,,29.5228,0.0,29.5228
36,1,1,1,1.0,-0.021118,0.0202231,1.00843,1.00885,0.008429999999999938,0.008850000000000025,,29.8152,0.0,29.8152
37,1,1,1,1.0,-0.0212265,0.0202354,1.01213,1.01256,0.012129999999999974,0.012559999999999905,,29.606,0.0,29.606
38,1,1,1,1.0,-0.0210626,0.0201772,1.00654,1.00697,0.00653999999999999,0.006969999999999921,,29.6136,0.0,29.6136
39,1,1,1,1.0,-0.0210978,0.0202193,1.00766,1.00808,0.00766,0.008080000000000087,,29.1622,0.0,29.1622
40,1,1,1,1.0,-0.0210639,0.0203496,1.00728,1.00771,0.007279999999999953,0.007710000000000106,,29.1044,0.0,29.1044
41,1,1,1,1.0,-0.0211297,0.0202593,1.00984,1.01026,0.009840000000000071,0.010259999999999936,,28.4391,0.0,28.4391
42,1,1,1,1.0,-0.0210896,0.0201921,1.00616,1.00658,0.006159999999999943,0.00658000000000003,,28.2796,0.0,28.2796
43,1,1,1,1.0,-0.0211338,0.0202177,1.00963,1.01005,0.009630000000000027,0.010049999999999892,,29.4918,0.0,29.4918
44,1,1,1,1.0,-0.0211241,0.020235,1.00631,1.00673,0.006310000000000038,0.006729999999999903,,28.9854,0.0,28.9854
45,1,1,1,1.0,-0.0210257,0.0201364,1.0049,1.00532,0.004899999999999904,0.005319999999999991,,28.9419,0.0,28.9419
46,1,1,1,1.0,-0.0210759,0.0201964,1.00531,1.00574,0.005309999999999926,0.005740000000000078,,29.114,0.0,29.114
47,1,1,1,1.0,-0.0211438,0.0202323,1.00971,1.01014,0.009710000000000107,0.010140000000000038,,27.7434,0.0,27.7434
48,1,1,1,1.0,-0.0211777,0.0202756,1.01154,1.01197,0.011540000000000106,0.011970000000000036,,28.1151,0.0,28.1151
49,1,1,1,1.0,-0.0210707,0.0201449,1.00614,1.00656,0.006140000000000034,0.006559999999999899,,28.3613,0.0,28.3613
50,1,1,1,1.0,-0.021122,0.0201881,1.00739,1.00781,0.007390000000000008,0.007810000000000095,,28.9948,0.0,28.9948
51,1,1,1,1.0,-0.0211485,0.0201607,1.00769,1.00811,0.007689999999999975,0.008110000000000062,,29.511,0.0,29.511
52,1,1,1,1.0,-0.0210987,0.0201862,1.00659,1.00701,0.006590000000000096,0.007009999999999961,,29.5288,0.0,29.5288
53,1,1,1,1.0,-0.0210351,0.020156,1.00277,1.0032,0.002769999999999939,0.0032000000000000917,,29.4766,0.0,29.4766
54,1,1,1,1.0,-0.0212483,0.0203233,1.01334,1.01376,0.013339999999999907,0.013759999999999994,,29.7127,0.0,29.7127
55,1,1,1,1.0,-0.0211372,0.0202311,1.00578,1.00621,0.005779999999999896,0.006210000000000049,,30.2501,0.0,30.2501
56,1,1,1,1.0,-0.0211104,0.0202269,1.00862,1.00905,0.008620000000000072,0.009050000000000002,,31.0859,0.0,31.0859
57,1,1,1,1.0,-0.0211371,0.0202782,1.00752,1.00794,0.007519999999999971,0.007940000000000058,,31.2636,0.0,31.2636
58,1,1,1,1.0,-0.0211775,0.0202377,1.00908,1.0095,0.009079999999999977,0.009500000000000064,,30.7588,0.0,30.7588
59,1,1,1,1.0,-0.0211806,0.0202466,1.01041,1.01084,0.01041000000000003,0.01083999999999996,,30.7528,0.0,30.7528
60,1,1,1,1.0,-0.021373,0.0203282,1.01932,1.01975,0.019320000000000004,0.019749999999999934,,30.6112,0.0,30.6112
61,1,1,1,1.0,-0.0211619,0.0202329,1.0129,1.01332,0.012899999999999912,0.013319999999999999,,30.771,0.0,30.771
62,1,1,1,1.0,-0.0211431,0.0202233,1.00938,1.0098,0.009379999999999944,0.009800000000000031,,31.3397,0.0,31.3397
63,1,1,1,1.0,-0.021103,0.0201684,1.00745,1.00787,0.007449999999999957,0.007870000000000044,,30.761,0.0,30.761
64,1,1,1,1.0,-0.0211649,0.02022,1.00826,1.00869,0.008259999999999934,0.008690000000000087,,31.3417,0.0,31.3417
65,1,1,1,1.0,-0.0212569,0.0203661,1.01118,1.01161,0.011179999999999968,0.011609999999999898,,31.6671,0.0,31.6671
66,1,1,1,1.0,-0.021166,0.0202088,1.01032,1.01075,0.010320000000000107,0.010750000000000037,,32.2329,0.0,32.2329
67,1,1,1,1.0,-0.0210785,0.0202249,1.00517,1.0056,0.005169999999999897,0.005600000000000049,,33.0944,0.0,33.0944
68,1,1,1,1.0,-0.0211433,0.0203026,1.00974,1.01017,0.009740000000000082,0.010170000000000012,,33.4349,0.0,33.4349
69,1,1,1,1.0,-0.0211195,0.020208,1.00772,1.00815,0.007719999999999949,0.008150000000000102,,33.928,0.0,33.928
70,1,1,1,1.0,-0.0209815,0.0201408,1.00495,1.00537,0.00495000000000001,0.005370000000000097,,34.4939,0.0,34.4939
71,1,1,1,1.0,-0.0210992,0.0202523,1.0081,1.00853,0.008099999999999996,0.008529999999999927,,34.8165,0.0,34.8165
72,1,1,1,1.0,-0.0211884,0.0202836,1.01057,1.01099,0.010569999999999968,0.010990000000000055,,35.5409,0.0,35.5409
73,1,1,1,1.0,-0.0210533,0.0201628,1.00585,1.00627,0.005849999999999911,0.006269999999999998,,34.2276,0.0,34.2276
74,1,1,1,1.0,-0.0211972,0.0202861,1.01308,1.0135,0.01307999999999998,0.013500000000000068,,33.8533,0.0,33.8533
75,1,1,1,1.0,-0.021115,0.0201946,1.00751,1.00793,0.007509999999999906,0.007929999999999993,,34.1772,0.0,34.1772
76,1,1,1,1.0,-0.0209403,0.020139,1.00129,1.00171,0.0012900000000000134,0.0017100000000001003,,33.6022,0.0,33.6022
77,1,1,1,1.0,-0.0211696,0.0202128,1.01055,1.01098,0.01055000000000006,0.01097999999999999,,33.1645,0.0,33.1645
78,1,1,1,1.0,-0.0210731,0.0201686,1.00447,1.0049,0.004469999999999974,0.004899999999999904,,33.1032,0.0,33.1032
79,1,1,1,1.0,-0.0211232,0.0202501,1.01033,1.01075,0.01032999999999995,0.010750000000000037,,32.8605,0.0,32.8605
80,1,1,1,1.0,-0.0210997,0.0201934,1.00437,1.00479,0.004369999999999985,0.004790000000000072,,32.8024,0.0,32.8024
81,1,1,1,1.0,-0.0212278,0.0202195,1.01217,1.01259,0.012170000000000014,0.012590000000000101,,33.3517,0.0,33.3517
82,1,1,1,1.0,-0.021046,0.0201487,1.00582,1.00624,0.005819999999999936,0.006240000000000023,,34.0481,0.0,34.0481
83,1,1,1,1.0,-0.0212528,0.0203331,1.01236,1.01279,0.012359999999999927,0.012790000000000079,,33.7393,0.0,33.7393
84,1,1,1,1.0,-0.0211213,0.0202318,1.00794,1.00837,0.007940000000000058,0.008369999999999989,,33.2703,0.0,33.2703
85,1,1,1,1.0,-0.021021,0.020176,1.00387,1.00429,0.00387000000000004,0.004289999999999905,,33.0045,0.0,33.0045
86,1,1,1,1.0,-0.021081,0.0201702,1.00442,1.00484,0.0044200000000000905,0.0048399999999999554,,34.199,0.0,34.199
87,1,1,1,1.0,-0.0210718,0.0202316,1.00552,1.00594,0.005519999999999969,0.005940000000000056,,35.1463,0.0,35.1463
88,1,1,1,1.0,-0.0210668,0.0202132,1.00619,1.00662,0.006189999999999918,0.00662000000000007,,35.7002,0.0,35.7002
89,1,1,1,1.0,-0.0212267,0.0202508,1.01288,1.0133,0.012880000000000003,0.01330000000000009,,35.5044,0.0,35.5044
90,1,1,1,1.0,-0.021016,0.0202188,1.00638,1.0068,0.006380000000000052,0.006799999999999917,,35.9813,0.0,35.9813
91,1,1,1,1.0,-0.0211209,0.0202599,1.00797,1.0084,0.007970000000000033,0.008399999999999963,,35.4386,0.0,35.4386
92,1,1,1,1.0,-0.0212036,0.0202252,1.01276,1.01318,0.012760000000000105,0.01317999999999997,,35.3796,0.0,35.3796
93,1,1,1,1.0,-0.0211819,0.0202243,1.01156,1.01198,0.011560000000000015,0.011980000000000102,,36.0288,0.0,36.0288
94,1,1,1,1.0,-0.0212734,0.0202865,1.01533,1.01576,0.015330000000000066,0.015759999999999996,,36.0042,0.0,36.0042
95,1,1,1,1.0,-0.0210646,0.0201734,1.00637,1.00679,0.006369999999999987,0.006790000000000074,,36.879,0.0,36.879
96,1,1,1,1.0,-0.0211744,0.0202657,1.01088,1.0113,0.01088,0.011300000000000088,,36.7525,0.0,36.7525
97,1,1,1,1.0,-0.0211405,0.0202388,1.00888,1.0093,0.008879999999999999,0.009300000000000086,,36.1531,0.0,36.1531
98,1,1,1,1.0,-0.0211271,0.0202455,1.00929,1.00971,0.00929000000000002,0.009710000000000107,,35.3404,0.0,35.3404
99,1,1,1,1.0,-0.0211999,0.0201936,1.01058,1.01101,0.010580000000000034,0.011009999999999964,,35.4737,0.0,35.4737
100,1,1,1,1.0,-0.0212195,0.0202653,1.01198,1.0124,0.011980000000000102,0.012399999999999967,,34.7142,0.0,34.7142
101,1,1,1,1.0,-0.0210966,0.0201913,1.00637,1.00679,0.006369999999999987,0.006790000000000074,,34.2876,0.0,34.2876
102,1,1,1,1.0,-0.0211924,0.0202768,1.01231,1.01274,0.012310000000000043,0.012739999999999974,,34.2838,0.0,34.2838
103,1,1,1,1.0,-0.0211362,0.0202132,1.00959,1.01002,0.009589999999999987,0.010019999999999918,,34.4406,0.0,34.4406
104,1,1,1,1.0,-0.0210726,0.0202142,1.00626,1.00668,0.006259999999999932,0.006680000000000019,,34.2175,0.0,34.2175
105,1,1,1,1.0,-0.0210957,0.0202076,1.00912,1.00955,0.009120000000000017,0.009549999999999947,,34.3141,0.0,34.3141
106,1,1,1,1.0,-0.0212956,0.0202847,1.01644,1.01687,0.01644000000000001,0.01686999999999994,,34.1278,0.0,34.1278
107,1,1,1,1.0,-0.0210872,0.0202365,1.00859,1.00901,0.008590000000000098,0.009009999999999962,,33.9489,0.0,33.9489
108,1,1,1,1.0,-0.0212044,0.0202239,1.00953,1.00995,0.009530000000000038,0.009949999999999903,,33.1438,0.0,33.1438
109,1,1,1,1.0,-0.0210903,0.0201831,1.00808,1.00851,0.008080000000000087,0.008510000000000018,,33.4456,0.0,33.4456
110,1,1,1,1.0,-0.0211182,0.0201814,1.0083,1.00872,0.008299999999999974,0.008720000000000061,,33.4377,0.0,33.4377
111,1,1,1,1.0,-0.0210909,0.0201914,1.00571,1.00614,0.005710000000000104,0.006140000000000034,,33.1998,0.0,33.1998
112,1,1,1,1.0,-0.0210138,0.0202256,1.00599,1.00641,0.00598999999999994,0.006410000000000027,,32.4079,0.0,32.4079
113,1,1,1,1.0,-0.0211951,0.0202479,1.01149,1.01191,0.01149,0.011910000000000087,,33.195,0.0,33.195
114,1,1,1,1.0,-0.0211194,0.0202075,1.00957,1.00999,0.009570000000000078,0.009989999999999943,,32.5171,0.0,32.5171
115,1,1,1,1.0,-0.021174,0.0202642,1.0123,1.01273,0.012299999999999978,0.012729999999999908,,32.4278,0.0,32.4278
116,1,1,1,1.0,-0.0212344,0.0202565,1.0122,1.01263,0.012199999999999989,0.012629999999999919,,30.4334,0.0,30.4334
117,1,1,1,1.0,-0.0211241,0.0201993,1.00582,1.00624,0.005819999999999936,0.006240000000000023,,29.4303,0.0,29.4303
118,1,1,1,1.0,-0.0211124,0.0202257,1.00711,1.00754,0.00710999999999995,0.007540000000000102,,29.3181,0.0,29.3181
119,1,1,1,1.0,-0.0211403,0.0202055,1.00949,1.00991,0.009489999999999998,0.009910000000000085,,29.2463,0.0,29.2463
120,1,1,1,1.0,-0.0211195,0.0202064,1.00682,1.00724,0.006820000000000048,0.007239999999999913,,28.7092,0.0,28.7092
121,1,1,1,1.0,-0.021098,0.0202161,1.00791,1.00834,0.007910000000000084,0.008340000000000014,,28.8526,0.0,28.8526
122,1,1,1,1.0,-0.0211741,0.0202494,1.01079,1.01121,0.010790000000000077,0.011209999999999942,,27.999,0.0,27.999
123,1,1,1,1.0,-0.0211851,0.0203074,1.01174,1.01217,0.011740000000000084,0.012170000000000014,,27.7218,0.0,27.7218
124,1,1,1,1.0,-0.0210804,0.0201944,1.00705,1.00747,0.007050000000000001,0.007470000000000088,,27.014,0.0,27.014
125,1,1,1,1.0,-0.0210494,0.0201485,1.00498,1.0054,0.0049799999999999844,0.005400000000000071,,26.4022,0.0,26.4022
126,1,1,1,1.0,-0.0210482,0.0201868,1.00598,1.00641,0.005980000000000096,0.006410000000000027,,25.7124,0.0,25.7124
127,1,1,1,1.0,-0.0211176,0.0202206,1.00917,1.00959,0.0091699999999999,0.009589999999999987,,26.6574,0.0,26.6574
128,1,1,1,1.0,-0.02118,0.020215,1.00981,1.01023,0.009810000000000096,0.010229999999999961,,26.9582,0.0,26.9582
129,1,1,1,1.0,-0.0211403,0.0202573,1.00842,1.00885,0.008420000000000094,0.008850000000000025,,26.8333,0.0,26.8333
130,1,1,1,1.0,-0.0211395,0.0202279,1.00857,1.00899,0.008569999999999967,0.008990000000000054,,27.6982,0.0,27.6982
131,1,1,1,1.0,-0.0210648,0.020179,1.00698,1.0074,0.006979999999999986,0.007400000000000073,,28.0054,0.0,28.0054
132,1,1,1,1.0,-0.0212292,0.0202649,1.0114,1.01183,0.011400000000000077,0.011830000000000007,,28.1862,0.0,28.1862
133,1,1,1,1.0,-0.0210217,0.0201906,1.00703,1.00745,0.007030000000000092,0.007449999999999957,,28.7062,0.0,28.7062
134,1,1,1,1.0,-0.0210616,0.0202055,1.00454,1.00497,0.0045399999999999885,0.004969999999999919,,28.3998,0.0,28.3998
135,1,1,1,1.0,-0.0210667,0.0201864,1.00484,1.00526,0.0048399999999999554,0.005260000000000042,,27.9707,0.0,27.9707
136,1,1,1,1.0,-0.021091,0.0202318,1.00715,1.00757,0.00714999999999999,0.007570000000000077,,28.1903,0.0,28.1903
137,1,1,1,1.0,-0.0211238,0.0202806,1.00974,1.01017,0.009740000000000082,0.010170000000000012,,28.533,0.0,28.533
138,1,1,1,1.0,-0.0212189,0.0203348,1.0133,1.01373,0.01330000000000009,0.01373000000000002,,28.596,0.0,28.596
139,1,1,1,1.0,-0.0210544,0.020216,1.00522,1.00565,0.005220000000000002,0.005649999999999933,,28.3099,0.0,28.3099
140,1,1,1,1.0,-0.0211469,0.0202825,1.00663,1.00706,0.006629999999999914,0.007060000000000066,,27.9834,0.0,27.9834
141,1,1,1,1.0,-0.0212128,0.0203184,1.01183,1.01225,0.011830000000000007,0.012250000000000094,,27.3711,0.0,27.3711
142,1,1,1,1.0,-0.0211487,0.0202655,1.00877,1.00919,0.008769999999999945,0.009190000000000031,,27.3402,0.0,27.3402
143,1,1,1,1.0,-0.0211042,0.0201537,1.00791,1.00833,0.007910000000000084,0.008329999999999949,,27.2335,0.0,27.2335
144,1,1,1,1.0,-0.0211789,0.0202736,1.00887,1.0093,0.008869999999999933,0.009300000000000086,,27.4151,0.0,27.4151
145,1,1,1,1.0,-0.0211034,0.0202375,1.00601,1.00643,0.006010000000000071,0.006429999999999936,,28.0812,0.0,28.0812
146,1,1,1,1.0,-0.0210635,0.0201383,1.00342,1.00384,0.0034199999999999786,0.0038400000000000656,,28.548,0.0,28.548
147,1,1,1,1.0,-0.0210457,0.0201582,1.00473,1.00515,0.004729999999999901,0.005149999999999988,,28.5684,0.0,28.5684
148,1,1,1,1.0,-0.0212189,0.020283,1.01107,1.01149,0.011069999999999913,0.01149,,28.943,0.0,28.943
149,1,1,1,1.0,-0.0211756,0.0202258,1.01028,1.0107,0.010280000000000067,0.010699999999999932,,29.6618,0.0,29.6618
150,1,1,1,1.0,-0.0211167,0.0202797,1.01108,1.01151,0.011079999999999979,0.01150999999999991,,29.487,0.0,29.487
151,1,1,1,1.0,-0.021238,0.0203594,1.01424,1.01467,0.01424000000000003,0.01466999999999996,,29.4075,0.0,29.4075
152,1,1,1,1.0,-0.0211462,0.0203327,1.00983,1.01026,0.009830000000000005,0.010259999999999936,,29.4113,0.0,29.4113
153,1,1,1,1.0,-0.021135,0.0201737,1.00752,1.00794,0.007519999999999971,0.007940000000000058,,29.5733,0.0,29.5733
154,1,1,1,1.0,-0.0210765,0.0201347,1.00634,1.00676,0.006340000000000012,0.006760000000000099,,29.7138,0.0,29.7138
155,1,1,1,1.0,-0.0211372,0.020245,1.0078,1.00822,0.007800000000000029,0.008219999999999894,,29.1996,0.0,29.1996
156,1,1,1,1.0,-0.0210363,0.0201627,1.00447,1.00489,0.004469999999999974,0.004890000000000061,,29.1668,0.0,29.1668
157,1,1,1,1.0,-0.0212585,0.0202695,1.01531,1.01574,0.015309999999999935,0.015740000000000087,,27.8053,0.0,27.8053
158,1,1,1,1.0,-0.021115,0.020273,1.00934,1.00977,0.009339999999999904,0.009770000000000056,,27.7658,0.0,27.7658
159,1,1,1,1.0,-0.0211394,0.0202224,1.00737,1.00779,0.007370000000000099,0.007789999999999964,,27.2238,0.0,27.2238
160,1,1,1,1.0,-0.0211485,0.020236,1.0092,1.00963,0.009200000000000097,0.009630000000000027,,27.2153,0.0,27.2153
161,1,1,1,1.0,-0.021267,0.0203037,1.01276,1.01319,0.012760000000000105,0.013190000000000035,,27.5076,0.0,27.5076
162,1,1,1,1.0,-0.02119,0.0202344,1.0109,1.01132,0.01089999999999991,0.011319999999999997,,26.8697,0.0,26.8697
163,1,1,1,1.0,-0.0211215,0.0202032,1.00675,1.00718,0.006750000000000034,0.007179999999999964,,26.9421,0.0,26.9421
164,1,1,1,1.0,-0.0211716,0.0203229,1.01251,1.01293,0.012510000000000021,0.012930000000000108,,28.0495,0.0,28.0495
165,1,1,1,1.0,-0.0210554,0.0202082,1.00497,1.0054,0.004969999999999919,0.005400000000000071,,28.5366,0.0,28.5366
166,1,1,1,1.0,-0.0211261,0.020251,1.00847,1.0089,0.008469999999999978,0.008899999999999908,,29.0617,0.0,29.0617
167,1,1,1,1.0,-0.0211198,0.0202079,1.00589,1.00631,0.005889999999999951,0.006310000000000038,,29.2819,0.0,29.2819
168,1,1,1,1.0,-0.0210813,0.020148,1.00668,1.0071,0.006680000000000019,0.007100000000000106,,29.9324,0.0,29.9324
169,1,1,1,1.0,-0.0211238,0.0202192,1.0073,1.00772,0.007300000000000084,0.007719999999999949,,29.8037,0.0,29.8037
170,1,1,1,1.0,-0.0211793,0.0203085,1.01192,1.01235,0.01191999999999993,0.012350000000000083,,30.4433,0.0,30.4433
171,1,1,1,1.0,-0.0210396,0.0202295,1.00389,1.00432,0.003889999999999949,0.0043200000000001015,,31.1523,0.0,31.1523
172,1,1,1,1.0,-0.0212764,0.0203408,1.01394,1.01436,0.013940000000000063,0.014359999999999928,,31.5776,0.0,31.5776
173,1,1,1,1.0,-0.0211797,0.020282,1.01254,1.01296,0.012539999999999996,0.012960000000000083,,30.7528,0.0,30.7528
174,1,1,1,1.0,-0.0211694,0.0202944,1.00955,1.00998,0.009549999999999947,0.0099800000000001,,30.9827,0.0,30.9827
175,1,1,1,1.0,-0.0211793,0.0202862,1.00944,1.00986,0.009439999999999893,0.00985999999999998,,30.1555,0.0,30.1555
176,1,1,1,1.0,-0.0210296,0.0202012,1.00585,1.00628,0.005849999999999911,0.006280000000000063,,30.5333,0.0,30.5333
177,1,1,1,1.0,-0.0211654,0.02025,1.00911,1.00953,0.009109999999999951,0.009530000000000038,,31.0962,0.0,31.0962
178,1,1,1,1.0,-0.0210847,0.0202585,1.00742,1.00785,0.007419999999999982,0.007849999999999913,,30.3151,0.0,30.3151
179,1,1,1,1.0,-0.0213692,0.0202831,1.01903,1.01945,0.019030000000000102,0.019449999999999967,,30.2773,0.0,30.2773
180,1,1,1,1.0,-0.0212016,0.0202299,1.01236,1.01278,0.012359999999999927,0.012780000000000014,,30.7168,0.0,30.7168
181,1,1,1,1.0,-0.0211325,0.0201971,1.00724,1.00767,0.007239999999999913,0.007670000000000066,,30.0762,0.0,30.0762
182,1,1,1,1.0,-0.0210933,0.0201909,1.00628,1.00671,0.006280000000000063,0.006709999999999994,,29.8813,0.0,29.8813
183,1,1,1,1.0,-0.0210438,0.0201224,1.00407,1.00449,0.004070000000000018,0.004490000000000105,,29.7138,0.0,29.7138
184,1,1,1,1.0,-0.0211249,0.0202409,1.00674,1.00717,0.006739999999999968,0.007169999999999899,,29.6094,0.0,29.6094
185,1,1,1,1.0,-0.0210556,0.0202002,1.00558,1.006,0.005579999999999918,0.006000000000000005,,29.7998,0.0,29.7998
186,1,1,1,1.0,-0.0210711,0.0201937,1.00383,1.00425,0.00383,0.004250000000000087,,30.4223,0.0,30.4223
187,1,1,1,1.0,-0.0210445,0.0202248,1.00458,1.005,0.0045800000000000285,0.004999999999999893,,31.5716,0.0,31.5716
188,1,1,1,1.0,-0.0210141,0.0201678,1.00293,1.00335,0.002930000000000099,0.003349999999999964,,32.9092,0.0,32.9092
189,1,1,1,1.0,-0.021236,0.0202652,1.01267,1.01309,0.012669999999999959,0.013090000000000046,,32.8602,0.0,32.8602
190,1,1,1,1.0,-0.0210768,0.0202173,1.00606,1.00648,0.006059999999999954,0.006480000000000041,,32.8546,0.0,32.8546
191,1,1,1,1.0,-0.0211948,0.0201622,1.01086,1.01128,0.010860000000000092,0.011279999999999957,,32.3656,0.0,32.3656
192,1,1,1,1.0,-0.0211759,0.0202291,1.00777,1.0082,0.007770000000000055,0.008199999999999985,,32.8372,0.0,32.8372
193,1,1,1,1.0,-0.0210676,0.0202207,1.00625,1.00667,0.006250000000000089,0.006669999999999954,,32.9605,0.0,32.9605
194,1,1,1,1.0,-0.0212722,0.0202476,1.0131,1.01353,0.01309999999999989,0.013530000000000042,,32.0335,0.0,32.0335
195,1,1,1,1.0,-0.0210154,0.0202022,1.00289,1.00332,0.002890000000000059,0.0033199999999999896,,31.2788,0.0,31.2788
196,1,1,1,1.0,-0.0211842,0.020325,1.01564,1.01607,0.0156400000000001,0.01607000000000003,,31.1567,0.0,31.1567
197,1,1,1,1.0,-0.021122,0.0203078,1.008,1.00843,0.008000000000000007,0.008429999999999938,,31.3913,0.0,31.3913
198,1,1,1,1.0,-0.0211606,0.020261,1.00727,1.0077,0.00727000000000011,0.00770000000000004,,31.3695,0.0,31.3695
199,1,1,1,1.0,-0.0210576,0.020166,1.00596,1.00638,0.005959999999999965,0.006380000000000052,,31.2425,0.0,31.2425
200,1,1,1,1.0,-0.021185,0.0202461,1.01246,1.01288,0.012459999999999916,0.012880000000000003,,30.9132,0.0,30.9132
201,1,1,1,1.0,-0.0211276,0.0202283,1.00905,1.00948,0.009050000000000002,0.009479999999999933,,30.5369,0.0,30.5369
202,1,1,1,1.0,-0.0211051,0.0202137,1.00721,1.00763,0.007209999999999939,0.007630000000000026,,30.5824,0.0,30.5824
203,1,1,1,1.0,-0.0210941,0.0201366,1.00466,1.00508,0.0046600000000001085,0.005079999999999973,,31.1009,0.0,31.1009
204,1,1,1,1.0,-0.021136,0.0202324,1.00821,1.00863,0.00821000000000005,0.008629999999999916,,31.5768,0.0,31.5768
205,1,1,1,1.0,-0.0211449,0.0202413,1.00979,1.01021,0.009789999999999965,0.010210000000000052,,31.8987,0.0,31.8987
206,1,1,1,1.0,-0.0210826,0.0201796,1.00487,1.00529,0.00486999999999993,0.005290000000000017,,32.0243,0.0,32.0243
207,1,1,1,1.0,-0.0210511,0.0202165,1.00574,1.00616,0.005740000000000078,0.006159999999999943,,32.3335,0.0,32.3335
208,1,1,1,1.0,-0.0212419,0.0203147,1.01284,1.01326,0.012839999999999963,0.01326000000000005,,32.4395,0.0,32.4395
209,1,1,1,1.0,-0.0210513,0.020175,1.00382,1.00424,0.0038199999999999346,0.0042400000000000215,,32.7477,0.0,32.7477
210,1,1,1,1.0,-0.0211089,0.0202063,1.00673,1.00715,0.006729999999999903,0.00714999999999999,,32.9754,0.0,32.9754
211,1,1,1,1.0,-0.0211026,0.0202411,1.00938,1.00981,0.009379999999999944,0.009810000000000096,,33.3238,0.0,33.3238
212,1,1,1,1.0,-0.021168,0.0202443,1.01151,1.01193,0.01150999999999991,0.011929999999999996,,33.434,0.0,33.434
213,1,1,1,1.0,-0.0213068,0.0203039,1.01518,1.01561,0.015179999999999971,0.015609999999999902,,33.2396,0.0,33.2396
214,1,1,1,1.0,-0.0210425,0.0201667,1.00253,1.00296,0.002529999999999921,0.0029600000000000737,,33.3164,0.0,33.3164
215,1,1,1,1.0,-0.021164,0.0202547,1.01037,1.01079,0.01036999999999999,0.010790000000000077,,32.7961,0.0,32.7961
216,1,1,1,1.0,-0.0211653,0.0202065,1.00789,1.00832,0.007889999999999953,0.008320000000000105,,32.2025,0.0,32.2025
217,1,1,1,1.0,-0.0210838,0.0202108,1.00873,1.00915,0.008729999999999905,0.009149999999999991,,31.2286,0.0,31.2286
218,1,1,1,1.0,-0.0210806,0.0201742,1.006,1.00642,0.006000000000000005,0.006420000000000092,,30.3321,0.0,30.3321
219,1,1,1,1.0,-0.0212043,0.0202814,1.01295,1.01338,0.012950000000000017,0.013379999999999947,,30.7996,0.0,30.7996
220,1,1,1,1.0,-0.0212338,0.0202815,1.01294,1.01336,0.012939999999999952,0.013360000000000039,,30.2549,0.0,30.2549
221,1,1,1,1.0,-0.0211295,0.0201894,1.00738,1.0078,0.007379999999999942,0.007800000000000029,,30.9123,0.0,30.9123
222,1,1,1,1.0,-0.0210206,0.0201766,1.00316,1.00358,0.0031600000000000517,0.0035799999999999166,,30.284,0.0,30.284
223,1,1,1,1.0,-0.0210867,0.0202357,1.00528,1.0057,0.005279999999999951,0.005700000000000038,,30.4451,0.0,30.4451
224,1,1,1,1.0,-0.0211037,0.0202412,1.00783,1.00826,0.007830000000000004,0.008259999999999934,,30.4925,0.0,30.4925
225,1,1,1,1.0,-0.0211403,0.0202451,1.01015,1.01057,0.010150000000000103,0.010569999999999968,,30.62,0.0,30.62
226,1,1,1,1.0,-0.0210856,0.0202181,1.007,1.00742,0.006999999999999895,0.007419999999999982,,30.6612,0.0,30.6612
227,1,1,1,1.0,-0.0210411,0.0201504,1.00366,1.00408,0.0036599999999999966,0.0040800000000000836,,29.9428,0.0,29.9428
228,1,1,1,1.0,-0.0212026,0.020335,1.01413,1.01456,0.014129999999999976,0.014559999999999906,,29.3498,0.0,29.3498
229,1,1,1,1.0,-0.021102,0.0202899,1.00896,1.00939,0.008960000000000079,0.00939000000000001,,29.7682,0.0,29.7682
230,1,1,1,1.0,-0.0211135,0.020215,1.00628,1.0067,0.006280000000000063,0.006699999999999928,,30.0153,0.0,30.0153
231,1,1,1,1.0,-0.0211144,0.0202227,1.00791,1.00833,0.007910000000000084,0.008329999999999949,,31.6718,0.0,31.6718
232,1,1,1,1.0,-0.0211304,0.0202218,1.00751,1.00794,0.007509999999999906,0.007940000000000058,,31.0535,0.0,31.0535
233,1,1,1,1.0,-0.0210616,0.0202058,1.00582,1.00624,0.005819999999999936,0.006240000000000023,,30.5721,0.0,30.5721
234,1,1,1,1.0,-0.0211846,0.0202774,1.00882,1.00925,0.00882000000000005,0.00924999999999998,,29.8573,0.0,29.8573
235,1,1,1,1.0,-0.0211001,0.0201645,1.00562,1.00605,0.005619999999999958,0.006050000000000111,,29.8904,0.0,29.8904
236,1,1,1,1.0,-0.0211714,0.0202429,1.00811,1.00853,0.008110000000000062,0.008529999999999927,,28.9446,0.0,28.9446
237,1,1,1,1.0,-0.0211516,0.0202107,1.00839,1.00882,0.008389999999999898,0.00882000000000005,,28.0675,0.0,28.0675
238,1,1,1,1.0,-0.020982,0.0200987,1.0012,1.00162,0.0012000000000000899,0.0016199999999999548,,28.04,0.0,28.04
239,1,1,1,1.0,-0.0212162,0.0202822,1.01119,1.01162,0.011190000000000033,0.011619999999999964,,27.8852,0.0,27.8852
240,1,1,1,1.0,-0.0211176,0.0202615,1.00822,1.00865,0.008219999999999894,0.008650000000000047,,28.2804,0.0,28.2804
241,1,1,1,1.0,-0.0210691,0.020164,1.00563,1.00605,0.005630000000000024,0.006050000000000111,,28.9892,0.0,28.9892
242,1,1,1,1.0,-0.0212593,0.0202939,1.01167,1.01209,0.01167000000000007,0.012089999999999934,,29.5245,0.0,29.5245
243,1,1,1,1.0,-0.0211472,0.0202596,1.00924,1.00966,0.009239999999999915,0.009660000000000002,,30.6474,0.0,30.6474
244,1,1,1,1.0,-0.0211878,0.020219,1.00977,1.01019,0.009770000000000056,0.010189999999999921,,31.7333,0.0,31.7333
245,1,1,1,1.0,-0.0211042,0.0202075,1.0076,1.00802,0.007600000000000051,0.008019999999999916,,32.7475,0.0,32.7475
246,1,1,1,1.0,-0.0210622,0.0201595,1.00418,1.0046,0.0041800000000000725,0.0045999999999999375,,32.6239,0.0,32.6239
247,1,1,1,1.0,-0.0212665,0.0202607,1.01361,1.01403,0.0136099999999999,0.014029999999999987,,33.4848,0.0,33.4848
248,1,1,1,1.0,-0.0211064,0.0202144,1.00753,1.00795,0.007530000000000037,0.007949999999999902,,33.6326,0.0,33.6326
249,1,1,1,1.0,-0.0210533,0.0202086,1.00655,1.00697,0.006550000000000056,0.006969999999999921,,33.1673,0.0,33.1673
250,1,1,1,1.0,-0.0210996,0.0202511,1.00695,1.00737,0.006950000000000012,0.007370000000000099,,33.0738,0.0,33.0738
251,1,1,1,1.0,-0.0210415,0.0201207,1.00396,1.00438,0.0039599999999999635,0.0043800000000000505,,32.8757,0.0,32.8757
252,1,1,1,1.0,-0.0211169,0.020251,1.00793,1.00835,0.007929999999999993,0.00835000000000008,,33.2405,0.0,33.2405
253,1,1,1,1.0,-0.0210981,0.0202345,1.00949,1.00992,0.009489999999999998,0.009919999999999929,,32.5781,0.0,32.5781
254,1,1,1,1.0,-0.0211272,0.0202187,1.00792,1.00834,0.007919999999999927,0.008340000000000014,,32.3081,0.0,32.3081
255,1,1,1,1.0,-0.0212798,0.0203175,1.01411,1.01454,0.014110000000000067,0.014539999999999997,,32.0734,0.0,32.0734
256,1,1,1,1.0,-0.0209843,0.0201188,1.0018,1.00222,0.0018000000000000238,0.0022200000000001108,,31.6676,0.0,31.6676
257,1,1,1,1.0,-0.0210255,0.0201769,1.00306,1.00349,0.0030600000000000627,0.003489999999999993,,31.478,0.0,31.478
258,1,1,1,1.0,-0.0211003,0.0202208,1.00731,1.00773,0.007309999999999928,0.007730000000000015,,31.2257,0.0,31.2257
259,1,1,1,1.0,-0.021044,0.0201823,1.00685,1.00727,0.006850000000000023,0.00727000000000011,,31.1292,0.0,31.1292
260,1,1,1,1.0,-0.0210938,0.0201898,1.00502,1.00544,0.0050200000000000244,0.005439999999999889,,30.9685,0.0,30.9685
261,1,1,1,1.0,-0.021117,0.0201985,1.00602,1.00644,0.006019999999999914,0.006440000000000001,,29.8709,0.0,29.8709
262,1,1,1,1.0,-0.0211991,0.0202443,1.01044,1.01087,0.010440000000000005,0.010869999999999935,,30.1112,0.0,30.1112
263,1,1,1,1.0,-0.0211571,0.0202631,1.00922,1.00964,0.009220000000000006,0.009640000000000093,,30.0608,0.0,30.0608
264,1,1,1,1.0,-0.0211119,0.0202352,1.00966,1.01008,0.009660000000000002,0.010080000000000089,,29.9836,0.0,29.9836
265,1,1,1,1.0,-0.0211418,0.020227,1.00858,1.009,0.008580000000000032,0.008999999999999897,,29.7247,0.0,29.7247
266,1,1,1,1.0,-0.0211478,0.0201845,1.01058,1.011,0.010580000000000034,0.010999999999999899,,30.1412,0.0,30.1412
267,1,1,1,1.0,-0.0210405,0.0201542,1.00289,1.00331,0.002890000000000059,0.003309999999999924,,30.7127,0.0,30.7127
268,1,1,1,1.0,-0.0212017,0.0202625,1.01063,1.01106,0.010629999999999917,0.01106000000000007,,30.8674,0.0,30.8674
269,1,1,1,1.0,-0.0211795,0.0202481,1.00936,1.00979,0.009360000000000035,0.009789999999999965,,30.212,0.0,30.212
270,1,1,1,1.0,-0.0212028,0.0202645,1.01061,1.01104,0.010610000000000008,0.011039999999999939,,29.7437,0.0,29.7437
271,1,1,1,1.0,-0.021095,0.0201981,1.00727,1.00769,0.00727000000000011,0.007689999999999975,,29.6978,0.0,29.6978
272,1,1,1,1.0,-0.0211471,0.0201662,1.00717,1.0076,0.007169999999999899,0.007600000000000051,,29.2897,0.0,29.2897
273,1,1,1,1.0,-0.0211982,0.0202708,1.01213,1.01256,0.012129999999999974,0.012559999999999905,,29.1528,0.0,29.1528
274,1,1,1,1.0,-0.0210718,0.0201533,1.00514,1.00556,0.005139999999999922,0.005560000000000009,,28.3699,0.0,28.3699
275,1,1,1,1.0,-0.0210538,0.020175,1.00896,1.00938,0.008960000000000079,0.009379999999999944,,27.9749,0.0,27.9749
276,1,1,1,1.0,-0.0211876,0.0202704,1.01027,1.0107,0.010270000000000001,0.010699999999999932,,28.8386,0.0,28.8386
277,1,1,1,1.0,-0.0212757,0.0203168,1.0151,1.01553,0.015099999999999891,0.015530000000000044,,28.4522,0.0,28.4522
278,1,1,1,1.0,-0.0211555,0.0202659,1.01001,1.01044,0.010010000000000074,0.010440000000000005,,28.1822,0.0,28.1822
279,1,1,1,1.0,-0.0211658,0.0202774,1.00835,1.00877,0.00835000000000008,0.008769999999999945,,28.4207,0.0,28.4207
280,1,1,1,1.0,-0.0210866,0.0201935,1.00607,1.00649,0.00607000000000002,0.006490000000000107,,29.2843,0.0,29.2843
281,1,1,1,1.0,-0.0211312,0.0201765,1.00878,1.00921,0.00878000000000001,0.00920999999999994,,28.8501,0.0,28.8501
282,1,1,1,1.0,-0.0212555,0.0203166,1.01557,1.016,0.015570000000000084,0.016000000000000014,,29.536,0.0,29.536
283,1,1,1,1.0,-0.021039,0.0202144,1.00503,1.00545,0.00503000000000009,0.005449999999999955,,29.4313,0.0,29.4313
284,1,1,1,1.0,-0.0211897,0.0202815,1.00876,1.00919,0.008760000000000101,0.009190000000000031,,30.0259,0.0,30.0259
285,1,1,1,1.0,-0.0211756,0.0202258,1.00874,1.00917,0.00873999999999997,0.0091699999999999,,30.1939,0.0,30.1939
286,1,1,1,1.0,-0.0210123,0.020208,1.00562,1.00604,0.005619999999999958,0.006040000000000045,,30.2977,0.0,30.2977
287,1,1,1,1.0,-0.0212052,0.0202753,1.01054,1.01096,0.010539999999999994,0.01096000000000008,,30.1639,0.0,30.1639
288,1,1,1,1.0,-0.0211962,0.0202322,1.01272,1.01314,0.012720000000000065,0.01313999999999993,,30.8092,0.0,30.8092
289,1,1,1,1.0,-0.021086,0.020158,1.00458,1.005,0.0045800000000000285,0.004999999999999893,,31.216,0.0,31.216
290,1,1,1,1.0,-0.0212246,0.0203007,1.01235,1.01278,0.012350000000000083,0.012780000000000014,,31.723,0.0,31.723
291,1,1,1,1.0,-0.0211708,0.0202318,1.01019,1.01061,0.010189999999999921,0.010610000000000008,,31.8879,0.0,31.8879
292,1,1,1,1.0,-0.0212024,0.020258,1.01173,1.01216,0.011730000000000018,0.012159999999999949,,31.9947,0.0,31.9947
293,1,1,1,1.0,-0.0212634,0.0202663,1.01476,1.01518,0.014760000000000106,0.015179999999999971,,32.0745,0.0,32.0745
294,1,1,1,1.0,-0.0212527,0.0202744,1.01428,1.01471,0.01428000000000007,0.01471,,32.3769,0.0,32.3769
295,1,1,1,1.0,-0.0212291,0.0202709,1.01096,1.01138,0.01096000000000008,0.011379999999999946,,32.4371,0.0,32.4371
296,1,1,1,1.0,-0.0211548,0.0202481,1.00829,1.00871,0.008289999999999909,0.008709999999999996,,32.2511,0.0,32.2511
297,1,1,1,1.0,-0.0212982,0.0202734,1.01462,1.01505,0.014620000000000077,0.015050000000000008,,31.7639,0.0,31.7639
298,1,1,1,1.0,-0.021127,0.0201841,1.0075,1.00792,0.007500000000000062,0.007919999999999927,,32.2931,0.0,32.2931
299,1,1,1,1.0,-0.021291,0.0202815,1.01564,1.01607,0.0156400000000001,0.01607000000000003,,32.3973,0.0,32.3973
300,1,1,1,1.0,-0.0210297,0.0202207,1.00464,1.00506,0.0046399999999999775,0.0050600000000000644,,31.8874,0.0,31.8874
301,1,1,1,1.0,-0.021143,0.0202908,1.01105,1.01148,0.011050000000000004,0.011479999999999935,,31.1141,0.0,31.1141
302,1,1,1,1.0,-0.0211185,0.0202076,1.00867,1.00909,0.008669999999999956,0.009090000000000042,,31.6927,0.0,31.6927
303,1,1,1,1.0,-0.0210485,0.0201771,1.00354,1.00396,0.0035400000000000986,0.0039599999999999635,,31.4138,0.0,31.4138
304,1,1,1,1.0,-0.0211274,0.0201741,1.00797,1.00839,0.007970000000000033,0.008389999999999898,,31.5736,0.0,31.5736
305,1,1,1,1.0,-0.0210167,0.0202047,1.00401,1.00443,0.004010000000000069,0.004429999999999934,,32.1949,0.0,32.1949
306,1,1,1,1.0,-0.0211371,0.0202621,1.00993,1.01036,0.009929999999999994,0.010359999999999925,,32.7371,0.0,32.7371
307,1,1,1,1.0,-0.0211542,0.0202524,1.009,1.00943,0.008999999999999897,0.00943000000000005,,32.5671,0.0,32.5671
308,1,1,1,1.0,-0.021107,0.0202287,1.00747,1.00789,0.007470000000000088,0.007889999999999953,,32.3827,0.0,32.3827
309,1,1,1,1.0,-0.02114,0.0202044,1.00904,1.00947,0.009039999999999937,0.00947000000000009,,32.4025,0.0,32.4025
310,1,1,1,1.0,-0.0211383,0.0202122,1.00936,1.00978,0.009360000000000035,0.0097799999999999,,32.5892,0.0,32.5892
311,1,1,1,1.0,-0.0211494,0.0202157,1.00843,1.00886,0.008429999999999938,0.00886000000000009,,33.1726,0.0,33.1726
312,1,1,1,1.0,-0.0211437,0.0202738,1.00956,1.00998,0.009560000000000013,0.0099800000000001,,32.9916,0.0,32.9916
313,1,1,1,1.0,-0.0211068,0.0202302,1.01074,1.01117,0.010739999999999972,0.011169999999999902,,33.055,0.0,33.055
314,1,1,1,1.0,-0.021166,0.020224,1.00864,1.00907,0.008639999999999981,0.009069999999999911,,32.4663,0.0,32.4663
315,1,1,1,1.0,-0.0212401,0.0202527,1.01287,1.0133,0.012869999999999937,0.01330000000000009,,33.409,0.0,33.409
316,1,1,1,1.0,-0.021121,0.0202455,1.00982,1.01025,0.00981999999999994,0.010250000000000092,,33.4718,0.0,33.4718
317,1,1,1,1.0,-0.0211747,0.0201975,1.00732,1.00774,0.007319999999999993,0.00774000000000008,,33.8158,0.0,33.8158
318,1,1,1,1.0,-0.0210156,0.0201529,1.00346,1.00388,0.0034600000000000186,0.0038800000000001056,,33.4205,0.0,33.4205
319,1,1,1,1.0,-0.0211644,0.0202041,1.00705,1.00748,0.007050000000000001,0.007479999999999931,,32.7488,0.0,32.7488
320,1,1,1,1.0,-0.0211792,0.0202113,1.01078,1.0112,0.010780000000000012,0.011200000000000099,,32.1269,0.0,32.1269
321,1,1,1,1.0,-0.0210844,0.0201851,1.00559,1.00601,0.005589999999999984,0.006010000000000071,,31.6991,0.0,31.6991
322,1,1,1,1.0,-0.0211717,0.0202667,1.01058,1.01101,0.010580000000000034,0.011009999999999964,,32.6766,0.0,32.6766
323,1,1,1,1.0,-0.0210211,0.0201603,1.00395,1.00437,0.003949999999999898,0.004369999999999985,,33.2685,0.0,33.2685
324,1,1,1,1.0,-0.021062,0.0201753,1.00615,1.00658,0.0061500000000001,0.00658000000000003,,33.6289,0.0,33.6289
325,1,1,1,1.0,-0.0211733,0.0202412,1.0103,1.01073,0.010299999999999976,0.010729999999999906,,34.0245,0.0,34.0245
326,1,1,1,1.0,-0.0210294,0.0201429,1.00548,1.0059,0.005479999999999929,0.005900000000000016,,34.5043,0.0,34.5043
327,1,1,1,1.0,-0.0212217,0.0202788,1.01269,1.01311,0.01269000000000009,0.013109999999999955,,34.7539,0.0,34.7539
328,1,1,1,1.0,-0.0211165,0.0201942,1.00769,1.00812,0.007689999999999975,0.008119999999999905,,34.5442,0.0,34.5442
329,1,1,1,1.0,-0.0211349,0.0202736,1.0091,1.00953,0.009100000000000108,0.009530000000000038,,34.7147,0.0,34.7147
330,1,1,1,1.0,-0.0212089,0.0202511,1.01199,1.01241,0.011989999999999945,0.012410000000000032,,35.2458,0.0,35.2458
331,1,1,1,1.0,-0.0210582,0.0201779,1.00394,1.00437,0.003940000000000055,0.004369999999999985,,36.5365,0.0,36.5365
332,1,1,1,1.0,-0.0212213,0.0202551,1.01136,1.01178,0.011360000000000037,0.011779999999999902,,35.792,0.0,35.792
333,1,1,1,1.0,-0.021123,0.020225,1.00812,1.00855,0.008119999999999905,0.008550000000000058,,35.4619,0.0,35.4619
334,1,1,1,1.0,-0.021129,0.0202616,1.01046,1.01088,0.010459999999999914,0.01088,,35.0103,0.0,35.0103
335,1,1,1,1.0,-0.0212516,0.0203514,1.01358,1.01401,0.013579999999999925,0.014010000000000078,,34.3896,0.0,34.3896
336,1,1,1,1.0,-0.0212116,0.0202161,1.01281,1.01324,0.012809999999999988,0.013239999999999919,,33.2089,0.0,33.2089
337,1,1,1,1.0,-0.0211693,0.0202261,1.01107,1.0115,0.011069999999999913,0.011500000000000066,,33.1334,0.0,33.1334
338,1,1,1,1.0,-0.0212224,0.0202715,1.01084,1.01127,0.01083999999999996,0.011269999999999891,,33.2836,0.0,33.2836
339,1,1,1,1.0,-0.0210976,0.0202555,1.01054,1.01096,0.010539999999999994,0.01096000000000008,,32.8179,0.0,32.8179
340,1,1,1,1.0,-0.0211692,0.0202239,1.01138,1.0118,0.011379999999999946,0.011800000000000033,,32.2623,0.0,32.2623
341,1,1,1,1.0,-0.0210965,0.0201817,1.0064,1.00682,0.006399999999999961,0.006820000000000048,,32.2682,0.0,32.2682
342,1,1,1,1.0,-0.0211375,0.0202155,1.00827,1.00869,0.00827,0.008690000000000087,,31.54,0.0,31.54
343,1,1,1,1.0,-0.0212229,0.020246,1.00956,1.00998,0.009560000000000013,0.0099800000000001,,31.5118,0.0,31.5118
344,1,1,1,1.0,-0.0211248,0.0202279,1.00814,1.00856,0.008140000000000036,0.008559999999999901,,32.4798,0.0,32.4798
345,1,1,1,1.0,-0.0213002,0.0203286,1.01758,1.01801,0.01757999999999993,0.01801000000000008,,31.903,0.0,31.903
346,1,1,1,1.0,-0.0211627,0.0202217,1.00974,1.01016,0.009740000000000082,0.010159999999999947,,32.7041,0.0,32.7041
347,1,1,1,1.0,-0.0211284,0.020283,1.00936,1.00979,0.009360000000000035,0.009789999999999965,,32.8887,0.0,32.8887
348,1,1,1,1.0,-0.0212622,0.0202456,1.01252,1.01295,0.012520000000000087,0.012950000000000017,,32.5656,0.0,32.5656
349,1,1,1,1.0,-0.0210957,0.0201519,1.00647,1.00689,0.006469999999999976,0.006890000000000063,,33.6254,0.0,33.6254
350,1,1,1,1.0,-0.0211335,0.0202122,1.00695,1.00737,0.006950000000000012,0.007370000000000099,,33.1231,0.0,33.1231
351,1,1,1,1.0,-0.0210946,0.0202059,1.00588,1.00631,0.005880000000000107,0.006310000000000038,,32.6769,0.0,32.6769
352,1,1,1,1.0,-0.021075,0.0202058,1.00613,1.00656,0.006129999999999969,0.006559999999999899,,31.7874,0.0,31.7874
353,1,1,1,1.0,-0.0211541,0.0202606,1.01081,1.01123,0.010809999999999986,0.011230000000000073,,32.1333,0.0,32.1333
354,1,1,1,1.0,-0.021121,0.0202344,1.00711,1.00754,0.00710999999999995,0.007540000000000102,,31.6417,0.0,31.6417
355,1,1,1,1.0,-0.0211846,0.020233,1.01228,1.0127,0.012280000000000069,0.012699999999999934,,31.5472,0.0,31.5472
356,1,1,1,1.0,-0.0210282,0.0201935,1.00442,1.00485,0.0044200000000000905,0.004850000000000021,,30.8774,0.0,30.8774
357,1,1,1,1.0,-0.0212186,0.0202373,1.01397,1.0144,0.013970000000000038,0.014399999999999968,,31.1252,0.0,31.1252
358,1,1,1,1.0,-0.0211919,0.0202133,1.01227,1.01269,0.012270000000000003,0.01269000000000009,,30.7597,0.0,30.7597
359,1,1,1,1.0,-0.0211183,0.020195,1.0071,1.00753,0.007100000000000106,0.007530000000000037,,30.597,0.0,30.597
360,1,1,1,1.0,-0.0211503,0.0202759,1.00954,1.00997,0.009540000000000104,0.009970000000000034,,29.954,0.0,29.954
361,1,1,1,1.0,-0.0212087,0.02026,1.01109,1.01151,0.011090000000000044,0.01150999999999991,,28.8775,0.0,28.8775
362,1,1,1,1.0,-0.0210239,0.0201701,1.00419,1.00461,0.004189999999999916,0.004610000000000003,,28.7116,0.0,28.7116
363,1,1,1,1.0,-0.0211364,0.0202941,1.01155,1.01198,0.01154999999999995,0.011980000000000102,,30.5935,0.0,30.5935
364,1,1,1,1.0,-0.021198,0.0202571,1.01246,1.01288,0.012459999999999916,0.012880000000000003,,30.8901,0.0,30.8901
365,1,1,1,1.0,-0.0211253,0.0202441,1.00781,1.00824,0.007810000000000095,0.008240000000000025,,30.9439,0.0,30.9439
366,1,1,1,1.0,-0.0210444,0.0201795,1.00389,1.00431,0.003889999999999949,0.004310000000000036,,31.1186,0.0,31.1186
367,1,1,1,1.0,-0.0210918,0.0201504,1.0063,1.00672,0.006299999999999972,0.006720000000000059,,31.0983,0.0,31.0983
368,1,1,1,1.0,-0.0212159,0.020216,1.01142,1.01185,0.011419999999999986,0.011849999999999916,,31.2139,0.0,31.2139
369,1,1,1,1.0,-0.0212124,0.0202157,1.01056,1.01098,0.010559999999999903,0.01097999999999999,,32.1419,0.0,32.1419
370,1,1,1,1.0,-0.0210803,0.0202134,1.00828,1.0087,0.008280000000000065,0.00869999999999993,,32.0882,0.0,32.0882
371,1,1,1,1.0,-0.0212255,0.0202111,1.01015,1.01057,0.010150000000000103,0.010569999999999968,,31.4522,0.0,31.4522
372,1,1,1,1.0,-0.0211718,0.0202171,1.01174,1.01217,0.011740000000000084,0.012170000000000014,,31.1492,0.0,31.1492
373,1,1,1,1.0,-0.0211843,0.0202614,1.00906,1.00949,0.009060000000000068,0.009489999999999998,,31.6122,0.0,31.6122
374,1,1,1,1.0,-0.0211152,0.0202635,1.00658,1.007,0.00658000000000003,0.006999999999999895,,31.0338,0.0,31.0338
375,1,1,1,1.0,-0.0210599,0.0201553,1.00471,1.00513,0.004709999999999992,0.005130000000000079,,30.7631,0.0,30.7631
376,1,1,1,1.0,-0.0211518,0.0202587,1.00883,1.00926,0.008829999999999893,0.009260000000000046,,30.4265,0.0,30.4265
377,1,1,1,1.0,-0.021198,0.020205,1.01093,1.01136,0.010930000000000106,0.011360000000000037,,30.2333,0.0,30.2333
378,1,1,1,1.0,-0.0212696,0.0203406,1.018,1.01842,0.018000000000000016,0.018420000000000103,,30.8314,0.0,30.8314
379,1,1,1,1.0,-0.02122,0.0202851,1.01384,1.01426,0.013840000000000074,0.01425999999999994,,29.8452,0.0,29.8452
380,1,1,1,1.0,-0.0211694,0.0202852,1.01027,1.0107,0.010270000000000001,0.010699999999999932,,30.6144,0.0,30.6144
381,1,1,1,1.0,-0.0212301,0.020212,1.00936,1.00978,0.009360000000000035,0.0097799999999999,,31.492,0.0,31.492
382,1,1,1,1.0,-0.0211048,0.0202265,1.00953,1.00995,0.009530000000000038,0.009949999999999903,,32.1129,0.0,32.1129
383,1,1,1,1.0,-0.0212194,0.0202605,1.00973,1.01016,0.009730000000000016,0.010159999999999947,,31.1958,0.0,31.1958
384,1,1,1,1.0,-0.0211183,0.0202456,1.00872,1.00915,0.008720000000000061,0.009149999999999991,,31.3931,0.0,31.3931
385,1,1,1,1.0,-0.0211273,0.020213,1.00685,1.00727,0.006850000000000023,0.00727000000000011,,31.2386,0.0,31.2386
386,1,1,1,1.0,-0.021143,0.0202353,1.0095,1.00992,0.009500000000000064,0.009919999999999929,,31.7525,0.0,31.7525
387,1,1,1,1.0,-0.0210859,0.0201234,1.0062,1.00662,0.006199999999999983,0.00662000000000007,,31.1811,0.0,31.1811
388,1,1,1,1.0,-0.0211693,0.020272,1.00857,1.00899,0.008569999999999967,0.008990000000000054,,31.2415,0.0,31.2415
389,1,1,1,1.0,-0.0210442,0.0202239,1.00368,1.0041,0.0036799999999999056,0.0040999999999999925,,31.2986,0.0,31.2986
390,1,1,1,1.0,-0.0212242,0.0202625,1.01434,1.01476,0.01434000000000002,0.014760000000000106,,31.8216,0.0,31.8216
391,1,1,1,1.0,-0.0211685,0.0202319,1.00947,1.0099,0.00947000000000009,0.00990000000000002,,31.8015,0.0,31.8015
392,1,1,1,1.0,-0.0211792,0.0202515,1.01066,1.01109,0.010659999999999892,0.011090000000000044,,32.0364,0.0,32.0364
393,1,1,1,1.0,-0.021102,0.0202504,1.00786,1.00828,0.007859999999999978,0.008280000000000065,,31.133,0.0,31.133
394,1,1,1,1.0,-0.021116,0.0202581,1.00886,1.00929,0.00886000000000009,0.00929000000000002,,31.6547,0.0,31.6547
395,1,1,1,1.0,-0.0209727,0.0202178,1.00412,1.00454,0.0041199999999999015,0.0045399999999999885,,31.4612,0.0,31.4612
396,1,1,1,1.0,-0.0211787,0.0202655,1.00892,1.00934,0.008920000000000039,0.009339999999999904,,31.3565,0.0,31.3565
397,1,1,1,1.0,-0.0211265,0.0202157,1.00827,1.00869,0.00827,0.008690000000000087,,30.9355,0.0,30.9355
398,1,1,1,1.0,-0.0211527,0.0202311,1.01038,1.0108,0.010380000000000056,0.01079999999999992,,31.6423,0.0,31.6423
399,1,1,1,1.0,-0.0211466,0.0202353,1.00977,1.01019,0.009770000000000056,0.010189999999999921,,31.4095,0.0,31.4095
400,1,1,1,1.0,-0.0210627,0.0202162,1.00766,1.00809,0.00766,0.00808999999999993,,30.8854,0.0,30.8854
401,1,1,1,1.0,-0.0211359,0.0202317,1.00839,1.00881,0.008389999999999898,0.008809999999999985,,31.1532,0.0,31.1532
402,1,1,1,1.0,-0.0211428,0.0202054,1.01124,1.01166,0.011239999999999917,0.011660000000000004,,31.8332,0.0,31.8332
403,1,1,1,1.0,-0.0211127,0.0202331,1.00598,1.0064,0.005980000000000096,0.006399999999999961,,32.3747,0.0,32.3747
404,1,1,1,1.0,-0.0212679,0.020248,1.01479,1.01521,0.01479000000000008,0.015209999999999946,,32.5873,0.0,32.5873
405,1,1,1,1.0,-0.021125,0.020167,1.0078,1.00822,0.007800000000000029,0.008219999999999894,,33.0872,0.0,33.0872
406,1,1,1,1.0,-0.0211236,0.0202359,1.00807,1.0085,0.008070000000000022,0.008499999999999952,,32.2284,0.0,32.2284
407,1,1,1,1.0,-0.0211406,0.0202625,1.00923,1.00966,0.009230000000000071,0.009660000000000002,,33.0085,0.0,33.0085
408,1,1,1,1.0,-0.0212906,0.0202887,1.01454,1.01496,0.014539999999999997,0.014960000000000084,,33.4033,0.0,33.4033
409,1,1,1,1.0,-0.0211129,0.0201814,1.00909,1.00951,0.009090000000000042,0.009509999999999907,,33.5024,0.0,33.5024
410,1,1,1,1.0,-0.0210745,0.0201987,1.00715,1.00757,0.00714999999999999,0.007570000000000077,,33.0873,0.0,33.0873
411,1,1,1,1.0,-0.0212783,0.0202757,1.01482,1.01525,0.014820000000000055,0.015249999999999986,,32.4073,0.0,32.4073
412,1,1,1,1.0,-0.0212,0.0202403,1.00935,1.00977,0.00934999999999997,0.009770000000000056,,31.6922,0.0,31.6922
413,1,1,1,1.0,-0.0211588,0.0202154,1.00757,1.00799,0.007570000000000077,0.007989999999999942,,31.7018,0.0,31.7018
414,1,1,1,1.0,-0.0212957,0.0202845,1.01539,1.01581,0.015390000000000015,0.015810000000000102,,31.7722,0.0,31.7722
415,1,1,1,1.0,-0.0211639,0.0202474,1.01064,1.01107,0.010639999999999983,0.011069999999999913,,31.8734,0.0,31.8734
416,1,1,1,1.0,-0.0211897,0.0202769,1.01329,1.01371,0.013290000000000024,0.013710000000000111,,31.4952,0.0,31.4952
417,1,1,1,1.0,-0.0210997,0.0202283,1.0086,1.00903,0.008599999999999941,0.009030000000000094,,31.2104,0.0,31.2104
418,1,1,1,1.0,-0.021125,0.0201996,1.00776,1.00819,0.007759999999999989,0.00818999999999992,,31.9256,0.0,31.9256
419,1,1,1,1.0,-0.0210693,0.0202122,1.00561,1.00603,0.005609999999999893,0.00602999999999998,,33.1349,0.0,33.1349
420,1,1,1,1.0,-0.0210992,0.0201941,1.00608,1.00651,0.006080000000000085,0.006510000000000016,,33.5832,0.0,33.5832
421,1,1,1,1.0,-0.0210425,0.0201855,1.00349,1.00391,0.003489999999999993,0.00391000000000008,,33.4555,0.0,33.4555
422,1,1,1,1.0,-0.0212345,0.020319,1.01318,1.0136,0.01317999999999997,0.013600000000000056,,33.6463,0.0,33.6463
423,1,1,1,1.0,-0.0210522,0.0202375,1.00594,1.00636,0.005940000000000056,0.006359999999999921,,32.3877,0.0,32.3877
424,1,1,1,1.0,-0.0212287,0.0202633,1.01083,1.01125,0.010829999999999895,0.011249999999999982,,31.8468,0.0,31.8468
425,1,1,1,1.0,-0.0211452,0.0201712,1.00712,1.00755,0.007120000000000015,0.007549999999999946,,31.3919,0.0,31.3919
426,1,1,1,1.0,-0.0213205,0.0203083,1.01988,1.0203,0.019879999999999898,0.020299999999999985,,31.4536,0.0,31.4536
427,1,1,1,1.0,-0.0210727,0.0202312,1.0061,1.00652,0.006099999999999994,0.006520000000000081,,32.4526,0.0,32.4526
428,1,1,1,1.0,-0.0211402,0.0202236,1.00773,1.00815,0.007730000000000015,0.008150000000000102,,31.5153,0.0,31.5153
429,1,1,1,1.0,-0.0209918,0.020104,1.00216,1.00258,0.0021599999999999397,0.0025800000000000267,,31.5714,0.0,31.5714
430,1,1,1,1.0,-0.0210559,0.0201631,1.00406,1.00449,0.0040599999999999525,0.004490000000000105,,31.586,0.0,31.586
431,1,1,1,1.0,-0.0210973,0.020198,1.00615,1.00658,0.0061500000000001,0.00658000000000003,,31.5278,0.0,31.5278
432,1,1,1,1.0,-0.0211853,0.0202654,1.00866,1.00908,0.00865999999999989,0.009079999999999977,,30.9947,0.0,30.9947
433,1,1,1,1.0,-0.0211235,0.0202149,1.00837,1.00879,0.008369999999999989,0.008790000000000076,,30.2161,0.0,30.2161
434,1,1,1,1.0,-0.0211783,0.0203105,1.01203,1.01246,0.012029999999999985,0.012459999999999916,,29.7112,0.0,29.7112
435,1,1,1,1.0,-0.0212735,0.0202691,1.01622,1.01664,0.0162199999999999,0.016639999999999988,,29.4678,0.0,29.4678
436,1,1,1,1.0,-0.0211738,0.0202197,1.01075,1.01118,0.010750000000000037,0.011179999999999968,,29.4203,0.0,29.4203
437,1,1,1,1.0,-0.0211711,0.0202042,1.00996,1.01038,0.009959999999999969,0.010380000000000056,,29.3735,0.0,29.3735
438,1,1,1,1.0,-0.0211787,0.0202074,1.00801,1.00844,0.008010000000000073,0.008440000000000003,,28.794,0.0,28.794
439,1,1,1,1.0,-0.0212136,0.0202633,1.0104,1.01082,0.010399999999999965,0.010820000000000052,,29.6585,0.0,29.6585
440,1,1,1,1.0,-0.0210983,0.0202484,1.0074,1.00783,0.007400000000000073,0.007830000000000004,,29.5649,0.0,29.5649
441,1,1,1,1.0,-0.0212319,0.0203498,1.01205,1.01248,0.012049999999999894,0.012480000000000047,,29.3057,0.0,29.3057
442,1,1,1,1.0,-0.0211213,0.020253,1.00988,1.01031,0.009880000000000111,0.010310000000000041,,29.1609,0.0,29.1609
443,1,1,1,1.0,-0.0211574,0.0202305,1.00966,1.01009,0.009660000000000002,0.010089999999999932,,29.2604,0.0,29.2604
444,1,1,1,1.0,-0.0211484,0.0202817,1.01034,1.01077,0.010340000000000016,0.010769999999999946,,29.3946,0.0,29.3946
445,1,1,1,1.0,-0.0210644,0.0202143,1.00756,1.00798,0.007560000000000011,0.007980000000000098,,29.6317,0.0,29.6317
446,1,1,1,1.0,-0.0211497,0.0202315,1.00795,1.00837,0.007949999999999902,0.008369999999999989,,30.078,0.0,30.078
447,1,1,1,1.0,-0.0211878,0.0202781,1.00904,1.00946,0.009039999999999937,0.009460000000000024,,30.7067,0.0,30.7067
448,1,1,1,1.0,-0.0212077,0.0202426,1.01038,1.0108,0.010380000000000056,0.01079999999999992,,30.1535,0.0,30.1535
449,1,1,1,1.0,-0.0211196,0.0202315,1.0071,1.00752,0.007100000000000106,0.007519999999999971,,29.6973,0.0,29.6973
450,1,1,1,1.0,-0.0211061,0.020267,1.00788,1.00831,0.00788000000000011,0.00831000000000004,,29.471,0.0,29.471
451,1,1,1,1.0,-0.0212948,0.0203285,1.01599,1.01641,0.01598999999999995,0.016410000000000036,,29.66,0.0,29.66
452,1,1,1,1.0,-0.0210607,0.0201625,1.00531,1.00573,0.005309999999999926,0.005730000000000013,,29.5732,0.0,29.5732
453,1,1,1,1.0,-0.0210919,0.0202452,1.00634,1.00677,0.006340000000000012,0.006769999999999943,,29.5559,0.0,29.5559
454,1,1,1,1.0,-0.0213476,0.0203443,1.01818,1.01861,0.018180000000000085,0.018610000000000015,,30.2817,0.0,30.2817
455,1,1,1,1.0,-0.0211509,0.0202121,1.01142,1.01185,0.011419999999999986,0.011849999999999916,,31.0827,0.0,31.0827
456,1,1,1,1.0,-0.0211627,0.0202128,1.00775,1.00817,0.007749999999999924,0.00817000000000001,,31.9912,0.0,31.9912
457,1,1,1,1.0,-0.0211673,0.0202167,1.01118,1.0116,0.011179999999999968,0.011600000000000055,,31.0788,0.0,31.0788
458,1,1,1,1.0,-0.0210504,0.02027,1.00851,1.00894,0.008510000000000018,0.008939999999999948,,31.3823,0.0,31.3823
459,1,1,1,1.0,-0.021254,0.0203057,1.01251,1.01294,0.012510000000000021,0.012939999999999952,,30.5808,0.0,30.5808
460,1,1,1,1.0,-0.0211654,0.0202254,1.01075,1.01118,0.010750000000000037,0.011179999999999968,,31.267,0.0,31.267
461,1,1,1,1.0,-0.0211295,0.0201887,1.00809,1.00851,0.00808999999999993,0.008510000000000018,,31.2491,0.0,31.2491
462,1,1,1,1.0,-0.0211704,0.0202229,1.00886,1.00928,0.00886000000000009,0.009279999999999955,,32.0572,0.0,32.0572
463,1,1,1,1.0,-0.0211757,0.0202668,1.00973,1.01016,0.009730000000000016,0.010159999999999947,,32.7262,0.0,32.7262
464,1,1,1,1.0,-0.021064,0.0202232,1.00629,1.00672,0.006289999999999907,0.006720000000000059,,33.5466,0.0,33.5466
465,1,1,1,1.0,-0.0212095,0.0203358,1.01162,1.01205,0.011619999999999964,0.012049999999999894,,33.3679,0.0,33.3679
466,1,1,1,1.0,-0.0211498,0.0202208,1.00928,1.00971,0.009279999999999955,0.009710000000000107,,33.5823,0.0,33.5823
467,1,1,1,1.0,-0.0210654,0.0202478,1.00897,1.00939,0.008969999999999922,0.00939000000000001,,32.9089,0.0,32.9089
468,1,1,1,1.0,-0.0211947,0.0202804,1.01047,1.0109,0.01046999999999998,0.01089999999999991,,33.8254,0.0,33.8254
469,1,1,1,1.0,-0.0209956,0.0201468,1.00509,1.00551,0.005090000000000039,0.005509999999999904,,32.7917,0.0,32.7917
470,1,1,1,1.0,-0.0210942,0.0202186,1.00459,1.00501,0.004590000000000094,0.005009999999999959,,32.873,0.0,32.873
471,1,1,1,1.0,-0.0211626,0.0202463,1.01041,1.01083,0.01041000000000003,0.010829999999999895,,32.8246,0.0,32.8246
472,1,1,1,1.0,-0.0212524,0.0202795,1.01425,1.01467,0.014250000000000096,0.01466999999999996,,32.7464,0.0,32.7464
473,1,1,1,1.0,-0.0210717,0.0202014,1.00623,1.00665,0.006229999999999958,0.006650000000000045,,32.4288,0.0,32.4288
474,1,1,1,1.0,-0.0211307,0.0203048,1.01021,1.01063,0.010210000000000052,0.010629999999999917,,31.8063,0.0,31.8063
475,1,1,1,1.0,-0.0212806,0.0202712,1.01258,1.01301,0.012580000000000036,0.013009999999999966,,31.4242,0.0,31.4242
476,1,1,1,1.0,-0.0210683,0.0202398,1.00706,1.00748,0.007060000000000066,0.007479999999999931,,30.96,0.0,30.96
477,1,1,1,1.0,-0.021245,0.020223,1.01283,1.01326,0.012829999999999897,0.01326000000000005,,31.2693,0.0,31.2693
478,1,1,1,1.0,-0.0211759,0.0202728,1.0102,1.01063,0.010199999999999987,0.010629999999999917,,31.0044,0.0,31.0044
479,1,1,1,1.0,-0.0211395,0.0202285,1.00894,1.00936,0.008939999999999948,0.009360000000000035,,30.0499,0.0,30.0499
480,1,1,1,1.0,-0.0211148,0.0202516,1.00681,1.00723,0.006809999999999983,0.00723000000000007,,29.3195,0.0,29.3195
481,1,1,1,1.0,-0.0210803,0.0202053,1.00672,1.00715,0.006720000000000059,0.00714999999999999,,30.2543,0.0,30.2543
482,1,1,1,1.0,-0.0210657,0.0202221,1.0064,1.00682,0.006399999999999961,0.006820000000000048,,31.1762,0.0,31.1762
483,1,1,1,1.0,-0.0211324,0.0202201,1.00591,1.00633,0.005910000000000082,0.006329999999999947,,31.4885,0.0,31.4885
484,1,1,1,1.0,-0.0211393,0.0202592,1.01088,1.01131,0.01088,0.011309999999999931,,31.0746,0.0,31.0746
485,1,1,1,1.0,-0.0210703,0.020241,1.00555,1.00597,0.005549999999999944,0.005970000000000031,,30.4933,0.0,30.4933
486,1,1,1,1.0,-0.0213011,0.020287,1.0156,1.01602,0.015600000000000058,0.016019999999999923,,30.6432,0.0,30.6432
487,1,1,1,1.0,-0.0210526,0.0201854,1.00602,1.00644,0.006019999999999914,0.006440000000000001,,31.1545,0.0,31.1545
488,1,1,1,1.0,-0.0211759,0.0202885,1.00903,1.00946,0.009030000000000094,0.009460000000000024,,30.538,0.0,30.538
489,1,1,1,1.0,-0.0211109,0.020235,1.00753,1.00796,0.007530000000000037,0.007959999999999967,,31.7335,0.0,31.7335
490,1,1,1,1.0,-0.0211637,0.02026,1.00954,1.00997,0.009540000000000104,0.009970000000000034,,31.5957,0.0,31.5957
491,1,1,1,1.0,-0.0211444,0.0202557,1.00965,1.01007,0.009649999999999936,0.010070000000000023,,31.7792,0.0,31.7792
492,1,1,1,1.0,-0.0212588,0.0203101,1.0148,1.01522,0.014799999999999924,0.015220000000000011,,31.1703,0.0,31.1703
493,1,1,1,1.0,-0.0210937,0.0202354,1.00708,1.00751,0.007079999999999975,0.007509999999999906,,31.0098,0.0,31.0098
494,1,1,1,1.0,-0.0211469,0.0202709,1.01095,1.01138,0.010950000000000015,0.011379999999999946,,31.1427,0.0,31.1427
495,1,1,1,1.0,-0.0211058,0.0201844,1.00934,1.00976,0.009339999999999904,0.009759999999999991,,30.9969,0.0,30.9969
496,1,1,1,1.0,-0.0211263,0.0201995,1.00675,1.00717,0.006750000000000034,0.007169999999999899,,31.877,0.0,31.877
497,1,1,1,1.0,-0.0211566,0.0202462,1.00984,1.01027,0.009840000000000071,0.010270000000000001,,32.0091,0.0,32.0091
498,1,1,1,1.0,-0.0211753,0.0202585,1.00913,1.00955,0.009130000000000082,0.009549999999999947,,32.1878,0.0,32.1878
499,1,1,1,1.0,-0.021092,0.0202174,1.00654,1.00697,0.00653999999999999,0.006969999999999921,,32.4222,0.0,32.4222
500,1,1,1,1.0,-0.0212481,0.0202903,1.01299,1.01342,0.012990000000000057,0.013419999999999987,,32.7988,0.0,32.7988
